date,name,value
2001-06-30,C,20.2
2001-07-30,C,20.8
2001-08-30,C,20.8
2001-09-28,C,20.8
2001-10-26,C,19.8
2001-11-28,C,19.2
2001-12-31,C,20.1
2002-01-30,C,18.8
2002-02-27,C,19.9
2002-03-29,C,19.8
2002-04-29,C,19.8
2002-05-29,C,20.0
2002-06-29,C,19.6
2002-07-31,C,19.2
2002-08-29,C,18.2
2002-09-29,C,18.7
2002-10-30,C,18.7
2002-11-29,C,17.5
2002-12-31,C,17.3
2003-01-31,C,18.2
2003-02-28,C,18.5
2003-03-31,C,17.2
2003-04-30,C,18.0
2003-05-30,C,18.5
2003-06-30,C,18.5
2003-07-31,C,18.0
2003-08-31,C,17.8
2003-09-30,C,18.3
2003-10-31,C,17.0
2003-11-30,C,18.5
2003-12-31,C,18.6
2004-01-31,C,18.2
2004-02-29,C,18.9
2004-03-31,C,17.8
2004-04-30,C,18.0
2004-05-30,C,18.3
2004-06-30,C,17.1
2004-07-31,C,16.3
2004-08-30,C,17.1
2004-09-30,C,18.2
2004-10-31,C,18.0
2004-11-30,C,19.7
2004-12-31,C,20.7
2005-01-31,C,19.8
2005-02-28,C,19.5
2005-03-31,C,18.6
2005-04-30,C,18.5
2005-05-31,C,19.4
2005-06-30,C,19.8
2005-07-31,C,19.5
2005-08-31,C,19.2
2005-09-30,C,18.8
2005-12-03,C,19.6
2006-01-04,C,19.0
2006-02-02,C,18.3
2006-03-01,C,17.8
2006-04-02,C,17.7
2006-05-01,C,17.7
2006-06-01,C,18.2
2006-07-02,C,17.8
2006-08-02,C,17.4
2006-09-02,C,18.1
2006-10-01,C,17.7
2006-11-02,C,17.2
2006-12-01,C,16.6
2007-01-02,C,15.8
2007-02-03,C,16.1
2007-03-03,C,15.6
2007-04-01,C,14.9
2007-05-05,C,15.2
2007-06-02,C,16.0
2007-07-02,C,16.4
2007-08-05,C,15.7
2007-09-02,C,14.9
2007-10-04,C,14.6
2007-11-04,C,14.0
2007-12-03,C,13.2
2008-01-03,C,13.9
2008-02-07,C,14.9
2008-06-01,C,15.5
2008-07-02,C,16.0
2008-08-03,C,16.2
2008-09-03,C,15.4
2008-10-06,C,15.6
2008-11-02,C,15.3
2008-12-03,C,15.0
2009-01-02,C,15.9
2009-02-01,C,15.8
2009-03-05,C,15.9
2009-04-07,C,15.5
2009-05-01,C,16.1
2009-06-04,C,16.8
2009-07-02,C,17.3
2009-08-01,C,17.2
2009-09-05,C,16.9
2009-10-02,C,16.8
2009-11-02,C,17.3
2009-12-02,C,16.3
2010-01-05,C,16.2
2010-02-07,C,16.6
2010-03-07,C,17.3
2010-04-05,C,18.1
2010-05-15,C,18.2
2010-07-06,C,18.5
2010-09-11,C,17.2
2010-10-02,C,17.2
2010-11-03,C,16.7
2010-12-07,C,16.1
2011-01-02,C,15.8
2011-02-08,C,15.0
2011-03-08,C,15.3
2011-04-03,C,16.2
2011-05-02,C,16.2
2011-06-05,C,16.3
2011-07-08,C,17.3
2011-08-03,C,17.4
2011-09-10,C,18.0
2011-10-09,C,17.7
2011-11-07,C,17.3
2011-12-04,C,17.1
2012-01-08,C,17.0
2012-02-05,C,16.5
2012-03-11,C,17.1
2012-04-08,C,17.5
2012-05-09,C,17.3
2012-06-10,C,17.7
2012-07-04,C,18.3
2012-08-10,C,18.9
2012-09-02,C,19.3
2012-10-05,C,19.8
2012-11-04,C,19.2
2012-12-02,C,18.7
2013-01-05,C,17.8
2013-02-08,C,17.1
2013-03-11,C,17.1
2013-04-07,C,17.9
2013-05-08,C,18.7
2013-06-09,C,17.8
2013-07-07,C,17.6
2013-08-04,C,16.0
2013-09-11,C,17.0
2013-10-10,C,17.2
2013-11-09,C,18.2
2013-12-06,C,17.9
2014-01-01,C,17.9
2014-02-08,C,18.3
2014-03-03,C,17.5
2014-04-10,C,17.6
2014-05-07,C,16.9
2014-06-08,C,16.2
2014-07-06,C,17.1
2014-08-11,C,16.4
2014-09-01,C,16.7
2014-10-03,C,17.7
2014-11-08,C,17.5
2014-12-07,C,17.6
2015-01-06,C,16.7
2015-02-05,C,16.5
2015-03-07,C,16.6
2015-04-13,C,15.8
2015-05-13,C,16.8
2015-06-06,C,16.8
2015-07-12,C,16.2
2015-08-06,C,14.7
2015-09-05,C,15.6
2015-10-04,C,16.2
2015-11-07,C,17.2
2015-12-04,C,16.5
2016-01-02,C,16.0
2016-02-02,C,15.6
2016-03-03,C,14.6
2016-04-07,C,13.9
2016-05-06,C,13.2
2016-06-05,C,12.4
2016-07-04,C,12.2
2016-08-06,C,11.3
2016-09-08,C,11.0
2016-10-07,C,9.8
2016-11-05,C,9.2
2016-12-04,C,8.7
2017-01-07,C,9.4
2017-02-08,C,8.4
2017-03-07,C,7.7
2017-04-09,C,7.0
2017-05-06,C,7.0
2017-06-03,C,6.8
2017-07-07,C,7.3
2017-08-02,C,6.5
2017-09-06,C,7.4
2017-10-05,C,8.4
2017-11-12,C,9.3
2017-12-09,C,10.2
2018-01-03,C,11.0
2018-02-08,C,11.9
2018-03-07,C,12.8
2018-04-01,C,13.6
2018-05-06,C,14.0
2018-06-10,C,14.9
2018-07-07,C,14.7
2018-08-01,C,15.0
2018-09-03,C,15.4
2018-10-05,C,15.4
2018-11-08,C,14.4
2018-12-02,C,14.3
2019-01-04,C,13.3
2019-02-06,C,12.4
2019-03-02,C,13.3
2019-04-07,C,14.1
2019-05-04,C,14.2
2019-06-09,C,13.3
2019-07-06,C,14.2
2019-08-05,C,15.2
2019-09-09,C,15.2
2019-10-05,C,16.2
2019-11-03,C,16.0
2019-12-06,C,16.1
2020-01-05,C,15.8
2020-02-04,C,16.8
2020-03-04,C,16.3
2020-04-02,C,16.7
2020-05-02,C,17.1
2020-06-01,C,17.2
2001-06-30,Java,26.5
2001-07-30,Java,25.0
2001-08-30,Java,24.7
2001-09-28,Java,24.8
2001-10-26,Java,25.7
2001-11-28,Java,24.4
2001-12-31,Java,24.2
2002-01-30,Java,24.1
2002-02-27,Java,24.0
2002-03-29,Java,24.4
2002-04-29,Java,25.0
2002-05-29,Java,25.2
2002-06-29,Java,24.2
2002-07-31,Java,24.5
2002-08-29,Java,22.9
2002-09-29,Java,24.5
2002-10-30,Java,24.2
2002-11-29,Java,24.1
2002-12-31,Java,24.2
2003-01-31,Java,24.8
2003-02-28,Java,24.8
2003-03-31,Java,24.6
2003-04-30,Java,24.7
2003-05-30,Java,23.1
2003-06-30,Java,22.3
2003-07-31,Java,23.2
2003-08-31,Java,22.2
2003-09-30,Java,21.9
2003-10-31,Java,23.1
2003-11-30,Java,25.0
2003-12-31,Java,23.6
2004-01-31,Java,22.6
2004-02-29,Java,23.2
2004-03-31,Java,24.2
2004-04-30,Java,18.7
2004-05-30,Java,17.5
2004-06-30,Java,17.0
2004-07-31,Java,17.0
2004-08-30,Java,15.9
2004-09-30,Java,17.0
2004-10-31,Java,14.8
2004-11-30,Java,16.3
2004-12-31,Java,17.5
2005-01-31,Java,18.3
2005-02-28,Java,18.9
2005-03-31,Java,17.0
2005-04-30,Java,17.4
2005-05-31,Java,18.6
2005-06-30,Java,19.7
2005-07-31,Java,21.2
2005-08-31,Java,22.4
2005-09-30,Java,21.9
2005-12-03,Java,22.1
2006-01-04,Java,22.2
2006-02-02,Java,22.4
2006-03-01,Java,21.9
2006-04-02,Java,21.3
2006-05-01,Java,21.3
2006-06-01,Java,21.1
2006-07-02,Java,21.8
2006-08-02,Java,22.4
2006-09-02,Java,21.5
2006-10-01,Java,21.2
2006-11-02,Java,20.4
2006-12-01,Java,19.9
2007-01-02,Java,19.2
2007-02-03,Java,19.0
2007-03-03,Java,18.0
2007-04-01,Java,18.4
2007-05-05,Java,19.1
2007-06-02,Java,20.0
2007-07-02,Java,21.0
2007-08-05,Java,21.8
2007-09-02,Java,21.7
2007-10-04,Java,21.6
2007-11-04,Java,20.5
2007-12-03,Java,20.0
2008-01-03,Java,20.8
2008-02-07,Java,21.5
2008-06-01,Java,20.9
2008-07-02,Java,21.3
2008-08-03,Java,21.6
2008-09-03,Java,20.7
2008-10-06,Java,21.0
2008-11-02,Java,20.3
2008-12-03,Java,17.9
2009-01-02,Java,19.0
2009-02-01,Java,19.4
2009-03-05,Java,19.8
2009-04-07,Java,19.3
2009-05-01,Java,19.5
2009-06-04,Java,20.2
2009-07-02,Java,20.4
2009-08-01,Java,19.5
2009-09-05,Java,19.4
2009-10-02,Java,18.6
2009-11-02,Java,18.4
2009-12-02,Java,17.1
2010-01-05,Java,17.5
2010-02-07,Java,17.3
2010-03-07,Java,17.5
2010-04-05,Java,18.0
2010-05-15,Java,18.0
2010-07-06,Java,18.7
2010-09-11,Java,17.9
2010-10-02,Java,18.2
2010-11-03,Java,18.5
2010-12-07,Java,18.0
2011-01-02,Java,17.8
2011-02-08,Java,18.5
2011-03-08,Java,19.7
2011-04-03,Java,19.0
2011-05-02,Java,18.2
2011-06-05,Java,18.6
2011-07-08,Java,19.2
2011-08-03,Java,19.4
2011-09-10,Java,18.8
2011-10-09,Java,17.9
2011-11-07,Java,17.9
2011-12-04,Java,17.6
2012-01-08,Java,17.5
2012-02-05,Java,17.0
2012-03-11,Java,17.1
2012-04-08,Java,17.0
2012-05-09,Java,16.6
2012-06-10,Java,16.3
2012-07-04,Java,16.1
2012-08-10,Java,16.4
2012-09-02,Java,16.3
2012-10-05,Java,17.2
2012-11-04,Java,17.5
2012-12-02,Java,17.6
2013-01-05,Java,17.4
2013-02-08,Java,18.4
2013-03-11,Java,18.2
2013-04-07,Java,17.7
2013-05-08,Java,16.9
2013-06-09,Java,16.7
2013-07-07,Java,15.9
2013-08-04,Java,16.0
2013-09-11,Java,16.2
2013-10-10,Java,16.1
2013-11-09,Java,16.5
2013-12-06,Java,17.3
2014-01-01,Java,16.5
2014-02-08,Java,17.3
2014-03-03,Java,16.4
2014-04-10,Java,17.3
2014-05-07,Java,16.9
2014-06-08,Java,16.1
2014-07-06,Java,15.7
2014-08-11,Java,15.0
2014-09-01,Java,14.1
2014-10-03,Java,13.5
2014-11-08,Java,14.4
2014-12-07,Java,15.0
2015-01-06,Java,15.5
2015-02-05,Java,15.3
2015-03-07,Java,15.6
2015-04-13,Java,16.0
2015-05-13,Java,16.9
2015-06-06,Java,17.8
2015-07-12,Java,17.7
2015-08-06,Java,19.3
2015-09-05,Java,19.6
2015-10-04,Java,19.5
2015-11-07,Java,20.4
2015-12-04,Java,21.0
2016-01-02,Java,21.5
2016-02-02,Java,21.1
2016-03-03,Java,20.5
2016-04-07,Java,20.8
2016-05-06,Java,21.0
2016-06-05,Java,20.8
2016-07-04,Java,19.8
2016-08-06,Java,19.0
2016-09-08,Java,18.2
2016-10-07,Java,18.8
2016-11-05,Java,18.8
2016-12-04,Java,17.9
2017-01-07,Java,17.3
2017-02-08,Java,16.7
2017-03-07,Java,16.4
2017-04-09,Java,15.6
2017-05-06,Java,14.6
2017-06-03,Java,14.5
2017-07-07,Java,13.8
2017-08-02,Java,13.0
2017-09-06,Java,12.7
2017-10-05,Java,12.4
2017-11-12,Java,13.2
2017-12-09,Java,13.3
2018-01-03,Java,14.2
2018-02-08,Java,15.0
2018-03-07,Java,14.9
2018-04-01,Java,15.8
2018-05-06,Java,16.4
2018-06-10,Java,15.4
2018-07-07,Java,16.1
2018-08-01,Java,16.9
2018-09-03,Java,17.4
2018-10-05,Java,17.8
2018-11-08,Java,16.8
2018-12-02,Java,15.9
2019-01-04,Java,16.9
2019-02-06,Java,15.9
2019-03-02,Java,14.9
2019-04-07,Java,15.0
2019-05-04,Java,16.0
2019-06-09,Java,15.0
2019-07-06,Java,15.1
2019-08-05,Java,16.0
2019-09-09,Java,16.7
2019-10-05,Java,16.9
2019-11-03,Java,16.2
2019-12-06,Java,17.2
2020-01-05,Java,16.9
2020-02-04,Java,17.4
2020-03-04,Java,17.8
2020-04-02,Java,16.7
2020-05-02,Java,16.3
2020-06-01,Java,16.1
2001-06-30,Python,1.2
2001-07-30,Python,1.1
2001-08-30,Python,1.2
2001-09-28,Python,1.2
2001-10-26,Python,1.3
2001-11-28,Python,1.2
2001-12-31,Python,1.0
2002-01-30,Python,1.0
2002-02-27,Python,1.0
2002-03-29,Python,1.0
2002-04-29,Python,1.1
2002-05-29,Python,1.1
2002-06-29,Python,1.1
2002-07-31,Python,1.1
2002-08-29,Python,1.2
2002-09-29,Python,1.1
2002-10-30,Python,1.2
2002-11-29,Python,1.0
2002-12-31,Python,1.0
2003-01-31,Python,1.0
2003-02-28,Python,1.0
2003-03-31,Python,1.0
2003-04-30,Python,1.0
2003-05-30,Python,1.2
2003-06-30,Python,1.3
2003-07-31,Python,1.3
2003-08-31,Python,1.4
2003-09-30,Python,1.5
2003-10-31,Python,1.8
2003-11-30,Python,1.1
2003-12-31,Python,1.1
2004-01-31,Python,1.0
2004-02-29,Python,1.0
2004-03-31,Python,1.0
2004-04-30,Python,4.6
2004-05-30,Python,6.6
2004-06-30,Python,5.0
2004-07-31,Python,4.7
2004-08-30,Python,5.6
2004-09-30,Python,4.4
2004-10-31,Python,5.2
2004-11-30,Python,3.0
2004-12-31,Python,2.8
2005-01-31,Python,2.5
2005-02-28,Python,2.4
2005-03-31,Python,2.7
2005-04-30,Python,2.5
2005-05-31,Python,2.8
2005-06-30,Python,2.5
2005-07-31,Python,2.9
2005-08-31,Python,3.0
2005-09-30,Python,2.9
2005-12-03,Python,2.7
2006-01-04,Python,2.6
2006-02-02,Python,2.7
2006-03-01,Python,3.1
2006-04-02,Python,2.8
2006-05-01,Python,3.0
2006-06-01,Python,3.5
2006-07-02,Python,3.0
2006-08-02,Python,3.1
2006-09-02,Python,3.1
2006-10-01,Python,3.5
2006-11-02,Python,3.6
2006-12-01,Python,3.8
2007-01-02,Python,3.5
2007-02-03,Python,3.6
2007-03-03,Python,3.9
2007-04-01,Python,3.8
2007-05-05,Python,3.8
2007-06-02,Python,3.2
2007-07-02,Python,3.0
2007-08-05,Python,2.8
2007-09-02,Python,3.0
2007-10-04,Python,3.4
2007-11-04,Python,4.2
2007-12-03,Python,4.7
2008-01-03,Python,5.5
2008-02-07,Python,4.8
2008-06-01,Python,4.9
2008-07-02,Python,5.0
2008-08-03,Python,5.0
2008-09-03,Python,5.0
2008-10-06,Python,4.6
2008-11-02,Python,5.1
2008-12-03,Python,4.2
2009-01-02,Python,4.7
2009-02-01,Python,4.6
2009-03-05,Python,5.2
2009-04-07,Python,6.1
2009-05-01,Python,5.6
2009-06-04,Python,4.8
2009-07-02,Python,4.4
2009-08-01,Python,4.5
2009-09-05,Python,3.9
2009-10-02,Python,3.9
2009-11-02,Python,4.7
2009-12-02,Python,5.2
2010-01-05,Python,4.4
2010-02-07,Python,4.3
2010-03-07,Python,4.2
2010-04-05,Python,4.2
2010-05-15,Python,4.1
2010-07-06,Python,4.2
2010-09-11,Python,4.6
2010-10-02,Python,4.9
2010-11-03,Python,5.7
2010-12-07,Python,6.5
2011-01-02,Python,6.3
2011-02-08,Python,7.0
2011-03-08,Python,5.7
2011-04-03,Python,4.9
2011-05-02,Python,4.6
2011-06-05,Python,3.9
2011-07-08,Python,3.6
2011-08-03,Python,3.4
2011-09-10,Python,4.0
2011-10-09,Python,3.9
2011-11-07,Python,3.6
2011-12-04,Python,3.5
2012-01-08,Python,3.2
2012-02-05,Python,3.2
2012-03-11,Python,3.3
2012-04-08,Python,3.7
2012-05-09,Python,3.8
2012-06-10,Python,3.8
2012-07-04,Python,4.0
2012-08-10,Python,3.9
2012-09-02,Python,3.9
2012-10-05,Python,3.9
2012-11-04,Python,4.1
2012-12-02,Python,3.8
2013-01-05,Python,4.2
2013-02-08,Python,5.0
2013-03-11,Python,4.4
2013-04-07,Python,4.4
2013-05-08,Python,4.3
2013-06-09,Python,4.2
2013-07-07,Python,4.0
2013-08-04,Python,3.6
2013-09-11,Python,3.2
2013-10-10,Python,3.1
2013-11-09,Python,3.1
2013-12-06,Python,2.2
2014-01-01,Python,2.4
2014-02-08,Python,2.2
2014-03-03,Python,2.0
2014-04-10,Python,2.0
2014-05-07,Python,3.1
2014-06-08,Python,2.7
2014-07-06,Python,2.7
2014-08-11,Python,3.1
2014-09-01,Python,2.8
2014-10-03,Python,2.3
2014-11-08,Python,2.6
2014-12-07,Python,2.3
2015-01-06,Python,2.6
2015-02-05,Python,2.9
2015-03-07,Python,2.6
2015-04-13,Python,2.7
2015-05-13,Python,3.7
2015-06-06,Python,4.0
2015-07-12,Python,4.3
2015-08-06,Python,4.1
2015-09-05,Python,3.7
2015-10-04,Python,4.5
2015-11-07,Python,3.8
2015-12-04,Python,4.4
2016-01-02,Python,3.8
2016-02-02,Python,4.2
2016-03-03,Python,4.3
2016-04-07,Python,3.3
2016-05-06,Python,3.8
2016-06-05,Python,3.9
2016-07-04,Python,4.2
2016-08-06,Python,4.4
2016-09-08,Python,4.3
2016-10-07,Python,3.8
2016-11-05,Python,3.6
2016-12-04,Python,4.2
2017-01-07,Python,3.5
2017-02-08,Python,4.0
2017-03-07,Python,3.9
2017-04-09,Python,3.5
2017-05-06,Python,3.6
2017-06-03,Python,4.3
2017-07-07,Python,3.5
2017-08-02,Python,3.7
2017-09-06,Python,3.0
2017-10-05,Python,3.8
2017-11-12,Python,4.5
2017-12-09,Python,3.8
2018-01-03,Python,4.7
2018-02-08,Python,5.2
2018-03-07,Python,5.9
2018-04-01,Python,5.8
2018-05-06,Python,5.2
2018-06-10,Python,5.8
2018-07-07,Python,6.4
2018-08-01,Python,7.0
2018-09-03,Python,7.6
2018-10-05,Python,7.2
2018-11-08,Python,7.7
2018-12-02,Python,8.4
2019-01-04,Python,8.3
2019-02-06,Python,7.6
2019-03-02,Python,8.3
2019-04-07,Python,8.2
2019-05-04,Python,7.8
2019-06-09,Python,8.5
2019-07-06,Python,9.3
2019-08-05,Python,10.0
2019-09-09,Python,9.9
2019-10-05,Python,9.1
2019-11-03,Python,9.8
2019-12-06,Python,10.3
2020-01-05,Python,9.7
2020-02-04,Python,9.4
2020-03-04,Python,10.1
2020-04-02,Python,9.3
2020-05-02,Python,9.1
2020-06-01,Python,8.4
2001-06-30,C++,14.2
2001-07-30,C++,16.1
2001-08-30,C++,16.1
2001-09-28,C++,15.8
2001-10-26,C++,16.1
2001-11-28,C++,15.7
2001-12-31,C++,15.0
2002-01-30,C++,15.2
2002-02-27,C++,15.5
2002-03-29,C++,15.9
2002-04-29,C++,15.4
2002-05-29,C++,14.9
2002-06-29,C++,14.2
2002-07-31,C++,14.9
2002-08-29,C++,14.8
2002-09-29,C++,15.9
2002-10-30,C++,15.0
2002-11-29,C++,13.6
2002-12-31,C++,13.2
2003-01-31,C++,14.6
2003-02-28,C++,15.5
2003-03-31,C++,14.6
2003-04-30,C++,15.8
2003-05-30,C++,15.6
2003-06-30,C++,16.7
2003-07-31,C++,16.6
2003-08-31,C++,17.5
2003-09-30,C++,16.2
2003-10-31,C++,16.3
2003-11-30,C++,17.4
2003-12-31,C++,16.1
2004-01-31,C++,15.7
2004-02-29,C++,14.5
2004-03-31,C++,16.0
2004-04-30,C++,12.3
2004-05-30,C++,12.6
2004-06-30,C++,13.4
2004-07-31,C++,15.3
2004-08-30,C++,14.9
2004-09-30,C++,15.0
2004-10-31,C++,13.9
2004-11-30,C++,11.9
2004-12-31,C++,11.9
2005-01-31,C++,11.3
2005-02-28,C++,11.6
2005-03-31,C++,10.2
2005-04-30,C++,9.9
2005-05-31,C++,9.7
2005-06-30,C++,11.1
2005-07-31,C++,10.5
2005-08-31,C++,11.2
2005-09-30,C++,11.8
2005-12-03,C++,11.0
2006-01-04,C++,11.5
2006-02-02,C++,11.3
2006-03-01,C++,11.2
2006-04-02,C++,10.9
2006-05-01,C++,10.9
2006-06-01,C++,10.7
2006-07-02,C++,9.8
2006-08-02,C++,10.2
2006-09-02,C++,10.8
2006-10-01,C++,11.1
2006-11-02,C++,11.0
2006-12-01,C++,10.4
2007-01-02,C++,10.4
2007-02-03,C++,10.8
2007-03-03,C++,11.1
2007-04-01,C++,10.7
2007-05-05,C++,10.1
2007-06-02,C++,11.1
2007-07-02,C++,10.5
2007-08-05,C++,10.1
2007-09-02,C++,9.9
2007-10-04,C++,9.6
2007-11-04,C++,8.8
2007-12-03,C++,7.9
2008-01-03,C++,8.7
2008-02-07,C++,9.3
2008-06-01,C++,10.8
2008-07-02,C++,10.7
2008-08-03,C++,10.1
2008-09-03,C++,10.7
2008-10-06,C++,11.0
2008-11-02,C++,10.4
2008-12-03,C++,10.1
2009-01-02,C++,10.1
2009-02-01,C++,9.6
2009-03-05,C++,10.4
2009-04-07,C++,10.7
2009-05-01,C++,11.1
2009-06-04,C++,10.6
2009-07-02,C++,10.4
2009-08-01,C++,10.5
2009-09-05,C++,10.0
2009-10-02,C++,9.9
2009-11-02,C++,10.0
2009-12-02,C++,9.2
2010-01-05,C++,9.7
2010-02-07,C++,9.4
2010-03-07,C++,9.6
2010-04-05,C++,9.7
2010-05-15,C++,10.4
2010-07-06,C++,10.5
2010-09-11,C++,9.8
2010-10-02,C++,9.8
2010-11-03,C++,9.5
2010-12-07,C++,9.0
2011-01-02,C++,8.8
2011-02-08,C++,8.2
2011-03-08,C++,8.8
2011-04-03,C++,9.2
2011-05-02,C++,9.2
2011-06-05,C++,9.8
2011-07-08,C++,9.0
2011-08-03,C++,8.4
2011-09-10,C++,8.8
2011-10-09,C++,9.1
2011-11-07,C++,8.1
2011-12-04,C++,8.2
2012-01-08,C++,8.0
2012-02-05,C++,7.8
2012-03-11,C++,8.0
2012-04-08,C++,8.9
2012-05-09,C++,9.8
2012-06-10,C++,9.4
2012-07-04,C++,9.1
2012-08-10,C++,9.3
2012-09-02,C++,9.2
2012-10-05,C++,9.3
2012-11-04,C++,9.7
2012-12-02,C++,9.2
2013-01-05,C++,9.1
2013-02-08,C++,8.8
2013-03-11,C++,9.1
2013-04-07,C++,9.7
2013-05-08,C++,9.2
2013-06-09,C++,8.8
2013-07-07,C++,8.8
2013-08-04,C++,9.4
2013-09-11,C++,8.7
2013-10-10,C++,8.7
2013-11-09,C++,8.4
2013-12-06,C++,8.3
2014-01-01,C++,7.6
2014-02-08,C++,6.9
2014-03-03,C++,6.3
2014-04-10,C++,6.1
2014-05-07,C++,6.0
2014-06-08,C++,6.4
2014-07-06,C++,5.5
2014-08-11,C++,4.7
2014-09-01,C++,4.7
2014-10-03,C++,4.9
2014-11-08,C++,6.1
2014-12-07,C++,6.1
2015-01-06,C++,6.7
2015-02-05,C++,6.6
2015-03-07,C++,6.6
2015-04-13,C++,7.0
2015-05-13,C++,7.9
2015-06-06,C++,7.8
2015-07-12,C++,8.6
2015-08-06,C++,7.7
2015-09-05,C++,6.8
2015-10-04,C++,5.8
2015-11-07,C++,6.2
2015-12-04,C++,5.9
2016-01-02,C++,6.9
2016-02-02,C++,6.9
2016-03-03,C++,6.7
2016-04-07,C++,5.9
2016-05-06,C++,6.7
2016-06-05,C++,6.2
2016-07-04,C++,6.3
2016-08-06,C++,5.8
2016-09-08,C++,6.7
2016-10-07,C++,5.8
2016-11-05,C++,5.4
2016-12-04,C++,5.3
2017-01-07,C++,6.3
2017-02-08,C++,5.4
2017-03-07,C++,5.2
2017-04-09,C++,4.6
2017-05-06,C++,4.8
2017-06-03,C++,5.7
2017-07-07,C++,5.6
2017-08-02,C++,5.6
2017-09-06,C++,5.6
2017-10-05,C++,5.0
2017-11-12,C++,5.3
2017-12-09,C++,4.7
2018-01-03,C++,5.6
2018-02-08,C++,5.7
2018-03-07,C++,6.4
2018-04-01,C++,7.2
2018-05-06,C++,7.7
2018-06-10,C++,8.3
2018-07-07,C++,7.6
2018-08-01,C++,7.5
2018-09-03,C++,7.4
2018-10-05,C++,7.6
2018-11-08,C++,8.3
2018-12-02,C++,7.6
2019-01-04,C++,8.2
2019-02-06,C++,7.4
2019-03-02,C++,8.1
2019-04-07,C++,8.8
2019-05-04,C++,8.1
2019-06-09,C++,7.4
2019-07-06,C++,6.7
2019-08-05,C++,6.1
2019-09-09,C++,5.6
2019-10-05,C++,6.2
2019-11-03,C++,5.6
2019-12-06,C++,6.2
2020-01-05,C++,5.6
2020-02-04,C++,6.2
2020-03-04,C++,6.8
2020-04-02,C++,6.8
2020-05-02,C++,6.1
2020-06-01,C++,5.9
2001-06-30,C#,0.4
2001-07-30,C#,0.4
2001-08-30,C#,0.4
2001-09-28,C#,0.4
2001-10-26,C#,0.4
2001-11-28,C#,0.8
2001-12-31,C#,0.6
2002-01-30,C#,0.6
2002-02-27,C#,0.7
2002-03-29,C#,0.7
2002-04-29,C#,1.2
2002-05-29,C#,1.2
2002-06-29,C#,1.5
2002-07-31,C#,1.4
2002-08-29,C#,1.5
2002-09-29,C#,1.6
2002-10-30,C#,1.8
2002-11-29,C#,2.4
2002-12-31,C#,2.4
2003-01-31,C#,2.0
2003-02-28,C#,2.0
2003-03-31,C#,2.4
2003-04-30,C#,1.9
2003-05-30,C#,1.9
2003-06-30,C#,1.8
2003-07-31,C#,2.0
2003-08-31,C#,2.1
2003-09-30,C#,1.9
2003-10-31,C#,1.9
2003-11-30,C#,1.7
2003-12-31,C#,1.8
2004-01-31,C#,2.2
2004-02-29,C#,2.2
2004-03-31,C#,2.1
2004-04-30,C#,1.9
2004-05-30,C#,1.6
2004-06-30,C#,1.7
2004-07-31,C#,1.6
2004-08-30,C#,1.6
2004-09-30,C#,1.6
2004-10-31,C#,1.5
2004-11-30,C#,2.0
2004-12-31,C#,2.2
2005-01-31,C#,2.4
2005-02-28,C#,2.5
2005-03-31,C#,2.8
2005-04-30,C#,2.8
2005-05-31,C#,2.8
2005-06-30,C#,3.1
2005-07-31,C#,3.5
2005-08-31,C#,3.3
2005-09-30,C#,3.5
2005-12-03,C#,3.3
2006-01-04,C#,3.6
2006-02-02,C#,4.0
2006-03-01,C#,3.2
2006-04-02,C#,4.0
2006-05-01,C#,3.3
2006-06-01,C#,3.2
2006-07-02,C#,3.4
2006-08-02,C#,2.7
2006-09-02,C#,3.0
2006-10-01,C#,3.1
2006-11-02,C#,3.0
2006-12-01,C#,3.2
2007-01-02,C#,3.5
2007-02-03,C#,3.2
2007-03-03,C#,3.4
2007-04-01,C#,3.6
2007-05-05,C#,3.7
2007-06-02,C#,3.5
2007-07-02,C#,3.7
2007-08-05,C#,4.0
2007-09-02,C#,3.6
2007-10-04,C#,3.7
2007-11-04,C#,3.9
2007-12-03,C#,4.0
2008-01-03,C#,4.9
2008-02-07,C#,4.5
2008-06-01,C#,4.1
2008-07-02,C#,4.0
2008-08-03,C#,3.7
2008-09-03,C#,4.3
2008-10-06,C#,3.8
2008-11-02,C#,4.0
2008-12-03,C#,4.6
2009-01-02,C#,5.6
2009-02-01,C#,5.1
2009-03-05,C#,4.3
2009-04-07,C#,4.1
2009-05-01,C#,4.3
2009-06-04,C#,4.5
2009-07-02,C#,4.5
2009-08-01,C#,4.4
2009-09-05,C#,4.2
2009-10-02,C#,4.4
2009-11-02,C#,5.4
2009-12-02,C#,6.3
2010-01-05,C#,5.8
2010-02-07,C#,5.0
2010-03-07,C#,4.3
2010-04-05,C#,4.4
2010-05-15,C#,4.8
2010-07-06,C#,5.7
2010-09-11,C#,5.0
2010-10-02,C#,5.0
2010-11-03,C#,5.7
2010-12-07,C#,6.7
2011-01-02,C#,6.2
2011-02-08,C#,6.8
2011-03-08,C#,7.2
2011-04-03,C#,7.2
2011-05-02,C#,7.5
2011-06-05,C#,6.8
2011-07-08,C#,6.2
2011-08-03,C#,6.0
2011-09-10,C#,6.8
2011-10-09,C#,6.7
2011-11-07,C#,7.3
2011-12-04,C#,8.2
2012-01-08,C#,8.8
2012-02-05,C#,8.6
2012-03-11,C#,8.2
2012-04-08,C#,7.4
2012-05-09,C#,6.8
2012-06-10,C#,7.0
2012-07-04,C#,6.7
2012-08-10,C#,6.6
2012-09-02,C#,6.6
2012-10-05,C#,6.5
2012-11-04,C#,5.6
2012-12-02,C#,5.6
2013-01-05,C#,6.2
2013-02-08,C#,6.7
2013-03-11,C#,6.6
2013-04-07,C#,6.2
2013-05-08,C#,6.1
2013-06-09,C#,5.8
2013-07-07,C#,6.2
2013-08-04,C#,6.1
2013-09-11,C#,5.6
2013-10-10,C#,5.7
2013-11-09,C#,6.0
2013-12-06,C#,5.6
2014-01-01,C#,5.9
2014-02-08,C#,6.4
2014-03-03,C#,5.6
2014-04-10,C#,4.8
2014-05-07,C#,3.8
2014-06-08,C#,3.9
2014-07-06,C#,4.0
2014-08-11,C#,3.4
2014-09-01,C#,4.4
2014-10-03,C#,4.8
2014-11-08,C#,5.0
2014-12-07,C#,4.3
2015-01-06,C#,5.1
2015-02-05,C#,5.7
2015-03-07,C#,4.9
2015-04-13,C#,5.0
2015-05-13,C#,5.3
2015-06-06,C#,5.1
2015-07-12,C#,5.6
2015-08-06,C#,4.8
2015-09-05,C#,4.9
2015-10-04,C#,4.8
2015-11-07,C#,4.3
2015-12-04,C#,4.1
2016-01-02,C#,4.7
2016-02-02,C#,4.4
2016-03-03,C#,4.3
2016-04-07,C#,3.8
2016-05-06,C#,4.5
2016-06-05,C#,3.8
2016-07-04,C#,3.9
2016-08-06,C#,4.9
2016-09-08,C#,5.5
2016-10-07,C#,4.4
2016-11-05,C#,3.7
2016-12-04,C#,3.2
2017-01-07,C#,4.0
2017-02-08,C#,4.9
2017-03-07,C#,4.4
2017-04-09,C#,3.6
2017-05-06,C#,3.5
2017-06-03,C#,3.5
2017-07-07,C#,3.5
2017-08-02,C#,4.2
2017-09-06,C#,4.8
2017-10-05,C#,3.9
2017-11-12,C#,3.0
2017-12-09,C#,2.8
2018-01-03,C#,3.8
2018-02-08,C#,4.4
2018-03-07,C#,5.1
2018-04-01,C#,5.3
2018-05-06,C#,4.4
2018-06-10,C#,4.3
2018-07-07,C#,3.8
2018-08-01,C#,3.5
2018-09-03,C#,3.3
2018-10-05,C#,3.5
2018-11-08,C#,4.0
2018-12-02,C#,3.4
2019-01-04,C#,3.3
2019-02-06,C#,2.8
2019-03-02,C#,3.3
2019-04-07,C#,3.5
2019-05-04,C#,4.0
2019-06-09,C#,4.5
2019-07-06,C#,4.4
2019-08-05,C#,3.8
2019-09-09,C#,3.4
2019-10-05,C#,3.9
2019-11-03,C#,4.3
2019-12-06,C#,4.8
2020-01-05,C#,5.4
2020-02-04,C#,5.9
2020-03-04,C#,5.3
2020-04-02,C#,4.7
2020-05-02,C#,4.3
2020-06-01,C#,4.7
2010-09-11,Visual Basic,0.3
2010-10-02,Visual Basic,0.3
2010-11-03,Visual Basic,0.3
2010-12-07,Visual Basic,0.3
2011-01-02,Visual Basic,0.3
2011-02-08,Visual Basic,0.6
2011-03-08,Visual Basic,0.6
2011-04-03,Visual Basic,0.3
2011-05-02,Visual Basic,0.5
2011-06-05,Visual Basic,0.4
2011-07-08,Visual Basic,0.5
2011-08-03,Visual Basic,0.5
2011-09-10,Visual Basic,0.3
2011-10-09,Visual Basic,0.5
2011-11-07,Visual Basic,0.5
2011-12-04,Visual Basic,0.4
2012-01-08,Visual Basic,0.5
2012-02-05,Visual Basic,0.8
2012-03-11,Visual Basic,0.8
2012-04-08,Visual Basic,1.0
2012-05-09,Visual Basic,1.3
2012-06-10,Visual Basic,1.2
2012-07-04,Visual Basic,0.9
2012-08-10,Visual Basic,0.9
2012-09-02,Visual Basic,0.8
2012-10-05,Visual Basic,0.6
2012-11-04,Visual Basic,0.8
2012-12-02,Visual Basic,0.9
2013-01-05,Visual Basic,1.0
2013-02-08,Visual Basic,1.0
2013-03-11,Visual Basic,0.9
2013-04-07,Visual Basic,1.1
2013-05-08,Visual Basic,1.1
2013-06-09,Visual Basic,1.1
2013-07-07,Visual Basic,1.2
2013-08-04,Visual Basic,1.3
2013-09-11,Visual Basic,1.8
2013-10-10,Visual Basic,1.9
2013-11-09,Visual Basic,2.0
2013-12-06,Visual Basic,1.7
2014-01-01,Visual Basic,1.6
2014-02-08,Visual Basic,1.8
2014-03-03,Visual Basic,1.9
2014-04-10,Visual Basic,1.8
2014-05-07,Visual Basic,1.3
2014-06-08,Visual Basic,1.9
2014-07-06,Visual Basic,1.5
2014-08-11,Visual Basic,1.3
2014-09-01,Visual Basic,1.5
2014-10-03,Visual Basic,1.8
2014-11-08,Visual Basic,2.1
2014-12-07,Visual Basic,2.2
2015-01-06,Visual Basic,1.1
2015-02-05,Visual Basic,2.0
2015-03-07,Visual Basic,2.3
2015-04-13,Visual Basic,2.1
2015-05-13,Visual Basic,3.0
2015-06-06,Visual Basic,3.2
2015-07-12,Visual Basic,2.4
2015-08-06,Visual Basic,2.7
2015-09-05,Visual Basic,2.1
2015-10-04,Visual Basic,2.5
2015-11-07,Visual Basic,2.2
2015-12-04,Visual Basic,2.4
2016-01-02,Visual Basic,2.6
2016-02-02,Visual Basic,2.4
2016-03-03,Visual Basic,2.6
2016-04-07,Visual Basic,2.3
2016-05-06,Visual Basic,2.3
2016-06-05,Visual Basic,2.4
2016-07-04,Visual Basic,2.5
2016-08-06,Visual Basic,2.5
2016-09-08,Visual Basic,2.3
2016-10-07,Visual Basic,2.7
2016-11-05,Visual Basic,3.2
2016-12-04,Visual Basic,3.3
2017-01-07,Visual Basic,3.0
2017-02-08,Visual Basic,2.8
2017-03-07,Visual Basic,3.2
2017-04-09,Visual Basic,3.2
2017-05-06,Visual Basic,3.4
2017-06-03,Visual Basic,3.1
2017-07-07,Visual Basic,3.0
2017-08-02,Visual Basic,2.6
2017-09-06,Visual Basic,2.0
2017-10-05,Visual Basic,2.7
2017-11-12,Visual Basic,2.9
2017-12-09,Visual Basic,2.5
2018-01-03,Visual Basic,3.3
2018-02-08,Visual Basic,4.1
2018-03-07,Visual Basic,4.1
2018-04-01,Visual Basic,5.0
2018-05-06,Visual Basic,4.1
2018-06-10,Visual Basic,3.8
2018-07-07,Visual Basic,4.2
2018-08-01,Visual Basic,4.8
2018-09-03,Visual Basic,5.3
2018-10-05,Visual Basic,5.9
2018-11-08,Visual Basic,6.5
2018-12-02,Visual Basic,7.1
2019-01-04,Visual Basic,6.5
2019-02-06,Visual Basic,7.1
2019-03-02,Visual Basic,6.4
2019-04-07,Visual Basic,5.8
2019-05-04,Visual Basic,5.2
2019-06-09,Visual Basic,4.6
2019-07-06,Visual Basic,4.2
2019-08-05,Visual Basic,3.7
2019-09-09,Visual Basic,3.3
2019-10-05,Visual Basic,3.7
2019-11-03,Visual Basic,4.2
2019-12-06,Visual Basic,4.7
2020-01-05,Visual Basic,5.3
2020-02-04,Visual Basic,5.9
2020-03-04,Visual Basic,5.3
2020-04-02,Visual Basic,4.7
2020-05-02,Visual Basic,4.2
2020-06-01,Visual Basic,4.7
2001-06-30,JavaScript,1.6
2001-07-30,JavaScript,1.7
2001-08-30,JavaScript,1.7
2001-09-28,JavaScript,1.6
2001-10-26,JavaScript,1.5
2001-11-28,JavaScript,1.5
2001-12-31,JavaScript,1.5
2002-01-30,JavaScript,2.7
2002-02-27,JavaScript,1.5
2002-03-29,JavaScript,1.5
2002-04-29,JavaScript,1.4
2002-05-29,JavaScript,1.4
2002-06-29,JavaScript,1.4
2002-07-31,JavaScript,1.2
2002-08-29,JavaScript,2.0
2002-09-29,JavaScript,1.9
2002-10-30,JavaScript,2.0
2002-11-29,JavaScript,2.5
2002-12-31,JavaScript,2.4
2003-01-31,JavaScript,2.9
2003-02-28,JavaScript,2.8
2003-03-31,JavaScript,2.6
2003-04-30,JavaScript,3.3
2003-05-30,JavaScript,1.7
2003-06-30,JavaScript,1.7
2003-07-31,JavaScript,1.8
2003-08-31,JavaScript,1.9
2003-09-30,JavaScript,1.7
2003-10-31,JavaScript,1.9
2003-11-30,JavaScript,1.7
2003-12-31,JavaScript,1.7
2004-01-31,JavaScript,2.1
2004-02-29,JavaScript,2.1
2004-03-31,JavaScript,1.8
2004-04-30,JavaScript,1.8
2004-05-30,JavaScript,1.5
2004-06-30,JavaScript,1.6
2004-07-31,JavaScript,1.7
2004-08-30,JavaScript,1.5
2004-09-30,JavaScript,1.3
2004-10-31,JavaScript,1.2
2004-11-30,JavaScript,1.6
2004-12-31,JavaScript,1.7
2005-01-31,JavaScript,1.8
2005-02-28,JavaScript,1.6
2005-03-31,JavaScript,1.6
2005-04-30,JavaScript,1.4
2005-05-31,JavaScript,1.4
2005-06-30,JavaScript,1.8
2005-07-31,JavaScript,1.9
2005-08-31,JavaScript,1.8
2005-09-30,JavaScript,2.0
2005-12-03,JavaScript,1.8
2006-01-04,JavaScript,1.5
2006-02-02,JavaScript,1.5
2006-03-01,JavaScript,1.7
2006-04-02,JavaScript,1.6
2006-05-01,JavaScript,2.2
2006-06-01,JavaScript,1.5
2006-07-02,JavaScript,2.1
2006-08-02,JavaScript,2.0
2006-09-02,JavaScript,2.4
2006-10-01,JavaScript,2.2
2006-11-02,JavaScript,2.3
2006-12-01,JavaScript,2.6
2007-01-02,JavaScript,2.8
2007-02-03,JavaScript,3.0
2007-03-03,JavaScript,3.5
2007-04-01,JavaScript,3.1
2007-05-05,JavaScript,3.1
2007-06-02,JavaScript,2.6
2007-07-02,JavaScript,2.5
2007-08-05,JavaScript,2.6
2007-09-02,JavaScript,2.7
2007-10-04,JavaScript,2.7
2007-11-04,JavaScript,2.9
2007-12-03,JavaScript,2.7
2008-01-03,JavaScript,3.2
2008-02-07,JavaScript,2.3
2008-06-01,JavaScript,2.9
2008-07-02,JavaScript,2.8
2008-08-03,JavaScript,2.9
2008-09-03,JavaScript,3.1
2008-10-06,JavaScript,2.7
2008-11-02,JavaScript,2.9
2008-12-03,JavaScript,3.0
2009-01-02,JavaScript,3.4
2009-02-01,JavaScript,3.5
2009-03-05,JavaScript,3.6
2009-04-07,JavaScript,3.7
2009-05-01,JavaScript,3.6
2009-06-04,JavaScript,4.0
2009-07-02,JavaScript,3.5
2009-08-01,JavaScript,2.8
2009-09-05,JavaScript,3.0
2009-10-02,JavaScript,3.0
2009-11-02,JavaScript,2.9
2009-12-02,JavaScript,3.5
2010-01-05,JavaScript,2.7
2010-02-07,JavaScript,2.6
2010-03-07,JavaScript,2.6
2010-04-05,JavaScript,2.5
2010-05-15,JavaScript,2.1
2010-07-06,JavaScript,2.4
2010-09-11,JavaScript,1.7
2010-10-02,JavaScript,1.7
2010-11-03,JavaScript,1.7
2010-12-07,JavaScript,1.5
2011-01-02,JavaScript,1.6
2011-02-08,JavaScript,2.6
2011-03-08,JavaScript,1.9
2011-04-03,JavaScript,1.5
2011-05-02,JavaScript,1.4
2011-06-05,JavaScript,1.5
2011-07-08,JavaScript,2.2
2011-08-03,JavaScript,1.6
2011-09-10,JavaScript,1.5
2011-10-09,JavaScript,2.2
2011-11-07,JavaScript,2.6
2011-12-04,JavaScript,2.2
2012-01-08,JavaScript,2.3
2012-02-05,JavaScript,2.5
2012-03-11,JavaScript,3.4
2012-04-08,JavaScript,2.9
2012-05-09,JavaScript,2.1
2012-06-10,JavaScript,1.5
2012-07-04,JavaScript,1.5
2012-08-10,JavaScript,1.4
2012-09-02,JavaScript,1.3
2012-10-05,JavaScript,1.3
2012-11-04,JavaScript,1.3
2012-12-02,JavaScript,1.3
2013-01-05,JavaScript,2.0
2013-02-08,JavaScript,1.4
2013-03-11,JavaScript,1.4
2013-04-07,JavaScript,1.5
2013-05-08,JavaScript,1.5
2013-06-09,JavaScript,1.6
2013-07-07,JavaScript,1.8
2013-08-04,JavaScript,2.1
2013-09-11,JavaScript,2.0
2013-10-10,JavaScript,2.0
2013-11-09,JavaScript,2.1
2013-12-06,JavaScript,1.8
2014-01-01,JavaScript,1.6
2014-02-08,JavaScript,1.9
2014-03-03,JavaScript,1.9
2014-04-10,JavaScript,1.8
2014-05-07,JavaScript,1.8
2014-06-08,JavaScript,2.0
2014-07-06,JavaScript,1.8
2014-08-11,JavaScript,2.2
2014-09-01,JavaScript,2.4
2014-10-03,JavaScript,1.8
2014-11-08,JavaScript,2.1
2014-12-07,JavaScript,2.4
2015-01-06,JavaScript,3.3
2015-02-05,JavaScript,3.5
2015-03-07,JavaScript,3.6
2015-04-13,JavaScript,3.3
2015-05-13,JavaScript,3.1
2015-06-06,JavaScript,2.3
2015-07-12,JavaScript,2.2
2015-08-06,JavaScript,2.2
2015-09-05,JavaScript,2.3
2015-10-04,JavaScript,2.3
2015-11-07,JavaScript,2.5
2015-12-04,JavaScript,2.4
2016-01-02,JavaScript,2.6
2016-02-02,JavaScript,2.2
2016-03-03,JavaScript,2.3
2016-04-07,JavaScript,2.6
2016-05-06,JavaScript,2.3
2016-06-05,JavaScript,2.6
2016-07-04,JavaScript,2.6
2016-08-06,JavaScript,2.7
2016-09-08,JavaScript,2.9
2016-10-07,JavaScript,2.8
2016-11-05,JavaScript,2.7
2016-12-04,JavaScript,2.9
2017-01-07,JavaScript,2.8
2017-02-08,JavaScript,2.9
2017-03-07,JavaScript,2.7
2017-04-09,JavaScript,2.8
2017-05-06,JavaScript,3.1
2017-06-03,JavaScript,3.0
2017-07-07,JavaScript,2.6
2017-08-02,JavaScript,2.1
2017-09-06,JavaScript,2.0
2017-10-05,JavaScript,3.0
2017-11-12,JavaScript,3.0
2017-12-09,JavaScript,2.5
2018-01-03,JavaScript,3.5
2018-02-08,JavaScript,3.2
2018-03-07,JavaScript,3.9
2018-04-01,JavaScript,3.5
2018-05-06,JavaScript,2.9
2018-06-10,JavaScript,2.5
2018-07-07,JavaScript,2.8
2018-08-01,JavaScript,2.4
2018-09-03,JavaScript,2.1
2018-10-05,JavaScript,2.3
2018-11-08,JavaScript,2.7
2018-12-02,JavaScript,3.1
2019-01-04,JavaScript,3.3
2019-02-06,JavaScript,2.8
2019-03-02,JavaScript,2.4
2019-04-07,JavaScript,2.5
2019-05-04,JavaScript,2.7
2019-06-09,JavaScript,2.7
2019-07-06,JavaScript,2.3
2019-08-05,JavaScript,2.3
2019-09-09,JavaScript,2.1
2019-10-05,JavaScript,2.1
2019-11-03,JavaScript,1.9
2019-12-06,JavaScript,2.1
2020-01-05,JavaScript,2.4
2020-02-04,JavaScript,2.1
2020-03-04,JavaScript,2.1
2020-04-02,JavaScript,2.4
2020-05-02,JavaScript,2.7
2020-06-01,JavaScript,2.3
2001-06-30,PHP,1.9
2001-07-30,PHP,1.4
2001-08-30,PHP,1.6
2001-09-28,PHP,1.6
2001-10-26,PHP,1.8
2001-11-28,PHP,4.9
2001-12-31,PHP,7.3
2002-01-30,PHP,8.3
2002-02-27,PHP,7.4
2002-03-29,PHP,7.0
2002-04-29,PHP,5.1
2002-05-29,PHP,5.2
2002-06-29,PHP,5.2
2002-07-31,PHP,6.5
2002-08-29,PHP,5.4
2002-09-29,PHP,5.0
2002-10-30,PHP,5.3
2002-11-29,PHP,7.3
2002-12-31,PHP,7.6
2003-01-31,PHP,4.5
2003-02-28,PHP,4.0
2003-03-31,PHP,4.6
2003-04-30,PHP,4.5
2003-05-30,PHP,4.8
2003-06-30,PHP,3.8
2003-07-31,PHP,4.7
2003-08-31,PHP,5.4
2003-09-30,PHP,5.8
2003-10-31,PHP,3.6
2003-11-30,PHP,5.7
2003-12-31,PHP,6.3
2004-01-31,PHP,7.3
2004-02-29,PHP,7.6
2004-03-31,PHP,9.8
2004-04-30,PHP,7.2
2004-05-30,PHP,8.7
2004-06-30,PHP,10.3
2004-07-31,PHP,10.4
2004-08-30,PHP,8.2
2004-09-30,PHP,7.4
2004-10-31,PHP,7.6
2004-11-30,PHP,11.5
2004-12-31,PHP,9.5
2005-01-31,PHP,10.3
2005-02-28,PHP,9.4
2005-03-31,PHP,8.7
2005-04-30,PHP,9.2
2005-05-31,PHP,8.0
2005-06-30,PHP,9.2
2005-07-31,PHP,7.9
2005-08-31,PHP,8.9
2005-09-30,PHP,9.7
2005-12-03,PHP,9.6
2006-01-04,PHP,9.4
2006-02-02,PHP,8.9
2006-03-01,PHP,10.0
2006-04-02,PHP,10.9
2006-05-01,PHP,10.2
2006-06-01,PHP,9.6
2006-07-02,PHP,10.4
2006-08-02,PHP,9.6
2006-09-02,PHP,9.1
2006-10-01,PHP,9.9
2006-11-02,PHP,9.2
2006-12-01,PHP,8.5
2007-01-02,PHP,7.9
2007-02-03,PHP,8.8
2007-03-03,PHP,9.5
2007-04-01,PHP,8.6
2007-05-05,PHP,8.7
2007-06-02,PHP,8.9
2007-07-02,PHP,8.6
2007-08-05,PHP,9.7
2007-09-02,PHP,10.2
2007-10-04,PHP,9.5
2007-11-04,PHP,8.7
2007-12-03,PHP,8.4
2008-01-03,PHP,9.2
2008-02-07,PHP,9.9
2008-06-01,PHP,10.2
2008-07-02,PHP,9.5
2008-08-03,PHP,9.4
2008-09-03,PHP,9.2
2008-10-06,PHP,8.6
2008-11-02,PHP,8.9
2008-12-03,PHP,9.1
2009-01-02,PHP,8.9
2009-02-01,PHP,8.8
2009-03-05,PHP,9.5
2009-04-07,PHP,9.9
2009-05-01,PHP,9.9
2009-06-04,PHP,9.7
2009-07-02,PHP,9.3
2009-08-01,PHP,9.4
2009-09-05,PHP,10.2
2009-10-02,PHP,10.4
2009-11-02,PHP,10.2
2009-12-02,PHP,9.8
2010-01-05,PHP,10.1
2010-02-07,PHP,10.0
2010-03-07,PHP,9.9
2010-04-05,PHP,9.7
2010-05-15,PHP,9.1
2010-07-06,PHP,8.6
2010-09-11,PHP,8.4
2010-10-02,PHP,8.3
2010-11-03,PHP,7.8
2010-12-07,PHP,7.5
2011-01-02,PHP,7.8
2011-02-08,PHP,7.0
2011-03-08,PHP,6.6
2011-04-03,PHP,6.6
2011-05-02,PHP,6.5
2011-06-05,PHP,6.6
2011-07-08,PHP,6.2
2011-08-03,PHP,6.1
2011-09-10,PHP,6.6
2011-10-09,PHP,6.8
2011-11-07,PHP,6.1
2011-12-04,PHP,6.0
2012-01-08,PHP,5.7
2012-02-05,PHP,5.6
2012-03-11,PHP,5.6
2012-04-08,PHP,5.3
2012-05-09,PHP,5.7
2012-06-10,PHP,5.3
2012-07-04,PHP,5.0
2012-08-10,PHP,5.5
2012-09-02,PHP,5.6
2012-10-05,PHP,5.7
2012-11-04,PHP,5.7
2012-12-02,PHP,5.5
2013-01-05,PHP,5.6
2013-02-08,PHP,5.1
2013-03-11,PHP,4.8
2013-04-07,PHP,5.4
2013-05-08,PHP,5.8
2013-06-09,PHP,6.0
2013-07-07,PHP,7.2
2013-08-04,PHP,6.7
2013-09-11,PHP,6.4
2013-10-10,PHP,6.1
2013-11-09,PHP,5.4
2013-12-06,PHP,5.3
2014-01-01,PHP,4.6
2014-02-08,PHP,4.2
2014-03-03,PHP,3.7
2014-04-10,PHP,2.8
2014-05-07,PHP,3.4
2014-06-08,PHP,2.8
2014-07-06,PHP,2.9
2014-08-11,PHP,2.9
2014-09-01,PHP,3.1
2014-10-03,PHP,2.9
2014-11-08,PHP,3.0
2014-12-07,PHP,2.8
2015-01-06,PHP,3.8
2015-02-05,PHP,3.2
2015-03-07,PHP,4.0
2015-04-13,PHP,3.0
2015-05-13,PHP,2.7
2015-06-06,PHP,2.9
2015-07-12,PHP,2.9
2015-08-06,PHP,2.7
2015-09-05,PHP,2.5
2015-10-04,PHP,2.6
2015-11-07,PHP,3.2
2015-12-04,PHP,2.8
2016-01-02,PHP,2.7
2016-02-02,PHP,2.8
2016-03-03,PHP,2.8
2016-04-07,PHP,3.0
2016-05-06,PHP,3.0
2016-06-05,PHP,3.2
2016-07-04,PHP,3.3
2016-08-06,PHP,3.2
2016-09-08,PHP,2.8
2016-10-07,PHP,2.7
2016-11-05,PHP,3.1
2016-12-04,PHP,2.9
2017-01-07,PHP,2.6
2017-02-08,PHP,3.1
2017-03-07,PHP,3.0
2017-04-09,PHP,3.4
2017-05-06,PHP,2.7
2017-06-03,PHP,2.8
2017-07-07,PHP,3.1
2017-08-02,PHP,2.3
2017-09-06,PHP,2.2
2017-10-05,PHP,2.8
2017-11-12,PHP,1.9
2017-12-09,PHP,1.6
2018-01-03,PHP,2.5
2018-02-08,PHP,3.4
2018-03-07,PHP,4.0
2018-04-01,PHP,4.2
2018-05-06,PHP,3.3
2018-06-10,PHP,2.9
2018-07-07,PHP,2.8
2018-08-01,PHP,2.9
2018-09-03,PHP,2.8
2018-10-05,PHP,2.8
2018-11-08,PHP,2.4
2018-12-02,PHP,2.4
2019-01-04,PHP,2.7
2019-02-06,PHP,2.3
2019-03-02,PHP,2.4
2019-04-07,PHP,2.2
2019-05-04,PHP,2.5
2019-06-09,PHP,2.6
2019-07-06,PHP,2.2
2019-08-05,PHP,2.1
2019-09-09,PHP,1.9
2019-10-05,PHP,1.9
2019-11-03,PHP,1.7
2019-12-06,PHP,2.1
2020-01-05,PHP,2.4
2020-02-04,PHP,2.0
2020-03-04,PHP,2.0
2020-04-02,PHP,2.4
2020-05-02,PHP,2.5
2020-06-01,PHP,2.3
2007-05-05,R,0.1
2007-06-02,R,0.1
2007-07-02,R,0.1
2007-08-05,R,0.1
2007-09-02,R,0.1
2007-10-04,R,0.1
2007-11-04,R,0.1
2007-12-03,R,0.1
2008-01-03,R,0.0
2008-02-07,R,0.1
2008-06-01,R,0.1
2008-07-02,R,0.1
2008-08-03,R,0.1
2008-09-03,R,0.1
2008-10-06,R,0.1
2008-11-02,R,0.1
2008-12-03,R,0.1
2009-01-02,R,0.1
2009-02-01,R,0.1
2009-03-05,R,0.1
2009-04-07,R,0.1
2009-05-01,R,0.1
2009-06-04,R,0.1
2009-07-02,R,0.1
2009-08-01,R,0.1
2009-09-05,R,0.1
2009-10-02,R,0.1
2009-11-02,R,0.1
2009-12-02,R,0.1
2010-01-05,R,0.1
2010-02-07,R,0.1
2010-03-07,R,0.2
2010-04-05,R,0.1
2010-05-15,R,0.2
2010-07-06,R,0.2
2010-09-11,R,0.3
2010-10-02,R,0.4
2010-11-03,R,0.4
2010-12-07,R,0.5
2011-01-02,R,0.5
2011-02-08,R,0.6
2011-03-08,R,0.5
2011-04-03,R,0.4
2011-05-02,R,0.4
2011-06-05,R,0.4
2011-07-08,R,0.4
2011-08-03,R,0.4
2011-09-10,R,0.4
2011-10-09,R,0.4
2011-11-07,R,0.5
2011-12-04,R,0.5
2012-01-08,R,0.6
2012-02-05,R,0.6
2012-03-11,R,0.5
2012-04-08,R,0.4
2012-05-09,R,0.4
2012-06-10,R,0.4
2012-07-04,R,0.4
2012-08-10,R,0.4
2012-09-02,R,0.4
2012-10-05,R,0.4
2012-11-04,R,0.4
2012-12-02,R,0.4
2013-01-05,R,0.4
2013-02-08,R,0.5
2013-03-11,R,0.5
2013-04-07,R,0.5
2013-05-08,R,0.5
2013-06-09,R,0.5
2013-07-07,R,0.5
2013-08-04,R,0.4
2013-09-11,R,0.6
2013-10-10,R,0.5
2013-11-09,R,0.4
2013-12-06,R,0.2
2014-01-01,R,0.2
2014-02-08,R,0.2
2014-03-03,R,0.2
2014-04-10,R,0.3
2014-05-07,R,0.4
2014-06-08,R,0.7
2014-07-06,R,0.4
2014-08-11,R,0.5
2014-09-01,R,0.8
2014-10-03,R,1.5
2014-11-08,R,1.6
2014-12-07,R,1.6
2015-01-06,R,1.0
2015-02-05,R,1.0
2015-03-07,R,1.0
2015-04-13,R,1.0
2015-05-13,R,1.4
2015-06-06,R,1.5
2015-07-12,R,1.2
2015-08-06,R,1.0
2015-09-05,R,1.0
2015-10-04,R,1.0
2015-11-07,R,1.0
2015-12-04,R,1.1
2016-01-02,R,1.0
2016-02-02,R,1.2
2016-03-03,R,1.3
2016-04-07,R,1.3
2016-05-06,R,1.3
2016-06-05,R,1.5
2016-07-04,R,1.5
2016-08-06,R,1.6
2016-09-08,R,1.7
2016-10-07,R,1.7
2016-11-05,R,1.7
2016-12-04,R,1.8
2017-01-07,R,1.8
2017-02-08,R,1.9
2017-03-07,R,2.0
2017-04-09,R,2.1
2017-05-06,R,2.2
2017-06-03,R,2.2
2017-07-07,R,2.1
2017-08-02,R,1.8
2017-09-06,R,1.8
2017-10-05,R,1.7
2017-11-12,R,1.6
2017-12-09,R,1.9
2018-01-03,R,2.6
2018-02-08,R,2.1
2018-03-07,R,1.1
2018-04-01,R,1.8
2018-05-06,R,1.2
2018-06-10,R,1.5
2018-07-07,R,1.2
2018-08-01,R,1.0
2018-09-03,R,1.0
2018-10-05,R,1.2
2018-11-08,R,1.4
2018-12-02,R,1.1
2019-01-04,R,1.3
2019-02-06,R,1.0
2019-03-02,R,1.3
2019-04-07,R,1.2
2019-05-04,R,1.0
2019-06-09,R,0.9
2019-07-06,R,0.8
2019-08-05,R,0.8
2019-09-09,R,1.0
2019-10-05,R,1.3
2019-11-03,R,1.0
2019-12-06,R,1.0
2020-01-05,R,0.8
2020-02-04,R,1.0
2020-03-04,R,1.3
2020-04-02,R,1.5
2020-05-02,R,1.8
2020-06-01,R,2.2
2001-06-30,SQL,3.0
2001-07-30,SQL,2.8
2001-08-30,SQL,2.4
2001-09-28,SQL,2.4
2001-10-26,SQL,2.2
2001-11-28,SQL,1.8
2001-12-31,SQL,1.9
2002-01-30,SQL,1.9
2002-02-27,SQL,2.1
2002-03-29,SQL,2.1
2002-04-29,SQL,2.3
2002-05-29,SQL,2.4
2002-06-29,SQL,2.5
2002-07-31,SQL,2.7
2002-08-29,SQL,2.6
2002-09-29,SQL,2.5
2002-10-30,SQL,2.6
2002-11-29,SQL,2.4
2002-12-31,SQL,2.5
2003-01-31,SQL,2.6
2003-02-28,SQL,2.5
2003-03-31,SQL,2.6
2003-04-30,SQL,2.6
2003-05-30,SQL,3.1
2003-06-30,SQL,3.0
2003-07-31,SQL,3.0
2003-08-31,SQL,3.2
2003-09-30,SQL,3.7
2003-10-31,SQL,3.7
2003-11-30,SQL,2.9
2003-12-31,SQL,3.1
2004-01-31,SQL,3.5
2004-02-29,SQL,3.1
2004-03-31,SQL,3.0
2004-04-30,SQL,2.4
2018-02-08,SQL,2.4
2018-03-07,SQL,2.7
2018-04-01,SQL,2.6
2018-05-06,SQL,2.0
2018-06-10,SQL,2.3
2018-07-07,SQL,2.3
2018-08-01,SQL,2.3
2018-09-03,SQL,2.1
2018-10-05,SQL,2.0
2018-11-08,SQL,1.8
2018-12-02,SQL,2.2
2019-01-04,SQL,2.3
2019-02-06,SQL,1.9
2019-03-02,SQL,1.9
2019-04-07,SQL,2.3
2019-05-04,SQL,2.6
2019-06-09,SQL,2.2
2019-07-06,SQL,2.0
2019-08-05,SQL,1.6
2019-09-09,SQL,1.9
2019-10-05,SQL,1.9
2019-11-03,SQL,1.7
2019-12-06,SQL,1.8
2020-01-05,SQL,1.5
2020-02-04,SQL,1.5
2020-03-04,SQL,1.8
2020-04-02,SQL,2.2
2020-05-02,SQL,2.1
2020-06-01,SQL,1.7
2010-09-11,Visual Basic .NET,0.3
2010-10-02,Visual Basic .NET,0.3
2010-11-03,Visual Basic .NET,0.3
2010-12-07,Visual Basic .NET,0.3
2011-01-02,Visual Basic .NET,0.3
2011-02-08,Visual Basic .NET,0.6
2011-03-08,Visual Basic .NET,0.6
2011-04-03,Visual Basic .NET,0.3
2011-05-02,Visual Basic .NET,0.5
2011-06-05,Visual Basic .NET,0.4
2011-07-08,Visual Basic .NET,0.5
2011-08-03,Visual Basic .NET,0.5
2011-09-10,Visual Basic .NET,0.3
2011-10-09,Visual Basic .NET,0.5
2011-11-07,Visual Basic .NET,0.5
2011-12-04,Visual Basic .NET,0.4
2012-01-08,Visual Basic .NET,0.5
2012-02-05,Visual Basic .NET,0.8
2012-03-11,Visual Basic .NET,0.8
2012-04-08,Visual Basic .NET,1.0
2012-05-09,Visual Basic .NET,1.3
2012-06-10,Visual Basic .NET,1.2
2012-07-04,Visual Basic .NET,0.9
2012-08-10,Visual Basic .NET,0.9
2012-09-02,Visual Basic .NET,0.8
2012-10-05,Visual Basic .NET,0.6
2012-11-04,Visual Basic .NET,0.8
2012-12-02,Visual Basic .NET,0.9
2013-01-05,Visual Basic .NET,1.0
2013-02-08,Visual Basic .NET,1.0
2013-03-11,Visual Basic .NET,0.9
2013-04-07,Visual Basic .NET,1.1
2013-05-08,Visual Basic .NET,1.1
2013-06-09,Visual Basic .NET,1.1
2013-07-07,Visual Basic .NET,1.2
2013-08-04,Visual Basic .NET,1.3
2013-09-11,Visual Basic .NET,1.8
2013-10-10,Visual Basic .NET,1.9
2013-11-09,Visual Basic .NET,2.0
2013-12-06,Visual Basic .NET,1.7
2014-01-01,Visual Basic .NET,1.6
2014-02-08,Visual Basic .NET,1.8
2014-03-03,Visual Basic .NET,1.9
2014-04-10,Visual Basic .NET,1.8
2014-05-07,Visual Basic .NET,1.3
2014-06-08,Visual Basic .NET,1.9
2014-07-06,Visual Basic .NET,1.5
2014-08-11,Visual Basic .NET,1.3
2014-09-01,Visual Basic .NET,1.5
2014-10-03,Visual Basic .NET,1.8
2014-11-08,Visual Basic .NET,2.1
2014-12-07,Visual Basic .NET,2.2
2015-01-06,Visual Basic .NET,1.1
2015-02-05,Visual Basic .NET,2.0
2015-03-07,Visual Basic .NET,2.3
2015-04-13,Visual Basic .NET,2.1
2015-05-13,Visual Basic .NET,3.0
2015-06-06,Visual Basic .NET,3.2
2015-07-12,Visual Basic .NET,2.4
2015-08-06,Visual Basic .NET,2.7
2015-09-05,Visual Basic .NET,2.1
2015-10-04,Visual Basic .NET,2.5
2015-11-07,Visual Basic .NET,2.2
2015-12-04,Visual Basic .NET,2.4
2016-01-02,Visual Basic .NET,2.6
2016-02-02,Visual Basic .NET,2.4
2016-03-03,Visual Basic .NET,2.6
2016-04-07,Visual Basic .NET,2.3
2016-05-06,Visual Basic .NET,2.3
2016-06-05,Visual Basic .NET,2.4
2016-07-04,Visual Basic .NET,2.5
2016-08-06,Visual Basic .NET,2.5
2016-09-08,Visual Basic .NET,2.3
2016-10-07,Visual Basic .NET,2.7
2016-11-05,Visual Basic .NET,3.2
2016-12-04,Visual Basic .NET,3.3
2017-01-07,Visual Basic .NET,3.0
2017-02-08,Visual Basic .NET,2.8
2017-03-07,Visual Basic .NET,3.2
2017-04-09,Visual Basic .NET,3.2
2017-05-06,Visual Basic .NET,3.4
2017-06-03,Visual Basic .NET,3.1
2017-07-07,Visual Basic .NET,3.0
2017-08-02,Visual Basic .NET,2.6
2017-09-06,Visual Basic .NET,2.0
2017-10-05,Visual Basic .NET,2.7
2017-11-12,Visual Basic .NET,2.9
2017-12-09,Visual Basic .NET,2.5
2018-01-03,Visual Basic .NET,3.3
2018-02-08,Visual Basic .NET,4.1
2018-03-07,Visual Basic .NET,4.1
2018-04-01,Visual Basic .NET,5.0
2018-05-06,Visual Basic .NET,4.1
2018-06-10,Visual Basic .NET,3.8
2018-07-07,Visual Basic .NET,4.2
2018-08-01,Visual Basic .NET,4.8
2018-09-03,Visual Basic .NET,5.3
2018-10-05,Visual Basic .NET,5.9
2018-11-08,Visual Basic .NET,6.5
2018-12-02,Visual Basic .NET,7.1
2019-01-04,Visual Basic .NET,6.5
2019-02-06,Visual Basic .NET,7.1
2019-03-02,Visual Basic .NET,6.4
2019-04-07,Visual Basic .NET,5.8
2019-05-04,Visual Basic .NET,5.2
2019-06-09,Visual Basic .NET,4.6
2019-07-06,Visual Basic .NET,4.2
2019-08-05,Visual Basic .NET,3.7
2019-09-09,Visual Basic .NET,3.3
2019-10-05,Visual Basic .NET,3.7
2019-11-03,Visual Basic .NET,4.2
2019-12-06,Visual Basic .NET,4.7
2020-01-05,Visual Basic .NET,5.3
2020-02-04,Visual Basic .NET,5.9
2020-03-04,Visual Basic .NET,5.3
2010-01-05,Go,1.2
2010-02-07,Go,1.8
2010-03-07,Go,0.9
2010-04-05,Go,0.7
2010-05-15,Go,0.6
2010-07-06,Go,0.5
2010-09-11,Go,0.7
2010-10-02,Go,0.6
2010-11-03,Go,0.5
2010-12-07,Go,0.6
2011-01-02,Go,0.6
2011-02-08,Go,0.7
2011-03-08,Go,1.0
2011-04-03,Go,0.6
2011-05-02,Go,0.5
2011-06-05,Go,0.4
2011-07-08,Go,0.4
2011-08-03,Go,0.5
2011-09-10,Go,0.4
2011-10-09,Go,0.4
2011-11-07,Go,0.4
2011-12-04,Go,0.4
2012-01-08,Go,0.5
2012-02-05,Go,0.3
2012-03-11,Go,0.1
2012-04-08,Go,0.1
2012-05-09,Go,0.1
2012-06-10,Go,0.1
2012-07-04,Go,0.1
2012-08-10,Go,0.1
2012-09-02,Go,0.1
2012-10-05,Go,0.1
2012-11-04,Go,0.1
2012-12-02,Go,0.1
2013-01-05,Go,0.1
2013-02-08,Go,0.1
2013-03-11,Go,0.1
2013-04-07,Go,0.1
2013-05-08,Go,0.1
2013-06-09,Go,0.1
2013-07-07,Go,0.2
2013-08-04,Go,0.5
2013-09-11,Go,0.2
2013-10-10,Go,0.2
2013-11-09,Go,0.2
2013-12-06,Go,0.3
2014-01-01,Go,0.3
2014-02-08,Go,0.3
2014-03-03,Go,0.3
2014-04-10,Go,0.3
2014-05-07,Go,0.4
2014-06-08,Go,0.4
2014-07-06,Go,0.4
2014-08-11,Go,0.4
2014-09-01,Go,0.4
2014-10-03,Go,0.3
2014-11-08,Go,0.3
2014-12-07,Go,0.3
2015-01-06,Go,0.1
2015-02-05,Go,0.3
2015-03-07,Go,0.3
2015-04-13,Go,0.3
2015-05-13,Go,0.0
2015-06-06,Go,0.1
2015-07-12,Go,0.1
2015-08-06,Go,0.1
2015-09-05,Go,0.2
2015-10-04,Go,0.1
2015-11-07,Go,0.2
2015-12-04,Go,0.2
2016-01-02,Go,0.2
2016-02-02,Go,0.3
2016-03-03,Go,0.2
2016-04-07,Go,0.2
2016-05-06,Go,0.2
2016-06-05,Go,0.2
2016-07-04,Go,0.2
2016-08-06,Go,1.3
2016-09-08,Go,1.6
2016-10-07,Go,1.8
2016-11-05,Go,2.0
2016-12-04,Go,1.9
2017-01-07,Go,2.3
2017-02-08,Go,2.1
2017-03-07,Go,2.0
2017-04-09,Go,2.0
2017-05-06,Go,2.1
2017-06-03,Go,2.0
2017-07-07,Go,2.4
2017-08-02,Go,1.6
2017-09-06,Go,1.6
2017-10-05,Go,1.4
2017-11-12,Go,1.6
2017-12-09,Go,1.4
2018-01-03,Go,1.6
2018-02-08,Go,1.4
2018-03-07,Go,1.4
2018-04-01,Go,1.2
2018-05-06,Go,1.0
2018-06-10,Go,0.9
2018-07-07,Go,1.0
2018-08-01,Go,1.0
2018-09-03,Go,1.1
2018-10-05,Go,1.2
2018-11-08,Go,1.5
2018-12-02,Go,1.2
2019-01-04,Go,1.1
2019-02-06,Go,1.0
2019-03-02,Go,1.0
2019-04-07,Go,1.0
2019-05-04,Go,1.1
2019-06-09,Go,1.3
2019-07-06,Go,1.0
2019-08-05,Go,1.0
2019-09-09,Go,1.2
2019-10-05,Go,1.1
2019-11-03,Go,0.8
2019-12-06,Go,1.0
2020-01-05,Go,0.9
2020-02-04,Go,1.1
2020-03-04,Go,1.3
2014-07-06,Swift,1.1
2014-08-11,Swift,0.7
2014-09-01,Swift,0.9
2014-10-03,Swift,0.8
2014-11-08,Swift,0.8
2014-12-07,Swift,1.1
2015-01-06,Swift,0.7
2015-02-05,Swift,0.7
2015-03-07,Swift,0.8
2015-04-13,Swift,0.9
2015-05-13,Swift,1.1
2015-06-06,Swift,1.4
2015-07-12,Swift,1.2
2015-08-06,Swift,1.2
2015-09-05,Swift,1.2
2015-10-04,Swift,1.3
2015-11-07,Swift,1.2
2015-12-04,Swift,1.4
2016-01-02,Swift,1.4
2016-02-02,Swift,1.4
2016-03-03,Swift,1.6
2016-04-07,Swift,1.5
2016-05-06,Swift,1.6
2016-06-05,Swift,1.8
2016-07-04,Swift,2.0
2016-08-06,Swift,2.0
2016-09-08,Swift,1.9
2016-10-07,Swift,2.0
2016-11-05,Swift,2.0
2016-12-04,Swift,2.1
2017-01-07,Swift,1.9
2017-02-08,Swift,2.1
2017-03-07,Swift,2.3
2017-04-09,Swift,2.3
2017-05-06,Swift,2.3
2017-06-03,Swift,2.2
2017-07-07,Swift,2.3
2017-08-02,Swift,1.8
2017-09-06,Swift,1.8
2017-10-05,Swift,1.7
2017-11-12,Swift,1.4
2017-12-09,Swift,1.6
2018-01-03,Swift,2.4
2018-02-08,Swift,1.8
2018-03-07,Swift,2.1
2018-04-01,Swift,1.5
2018-05-06,Swift,0.9
2018-06-10,Swift,1.1
2018-07-07,Swift,1.4
2018-08-01,Swift,1.4
2018-09-03,Swift,1.2
2018-10-05,Swift,1.5
2018-11-08,Swift,1.5
2018-12-02,Swift,1.2
2019-01-04,Swift,1.2
2019-02-06,Swift,0.9
2019-03-02,Swift,1.2
2019-04-07,Swift,1.0
2019-05-04,Swift,1.2
2019-06-09,Swift,1.4
2019-07-06,Swift,1.1
2019-08-05,Swift,0.9
2019-09-09,Swift,1.1
2019-10-05,Swift,1.4
2019-11-03,Swift,1.7
2019-12-06,Swift,1.5
2020-01-05,Swift,1.8
2020-02-04,Swift,1.5
2001-10-26,Objective-C,0.0
2001-11-28,Objective-C,0.1
2001-12-31,Objective-C,0.0
2002-01-30,Objective-C,0.0
2002-02-27,Objective-C,0.0
2002-03-29,Objective-C,0.0
2002-04-29,Objective-C,0.0
2002-05-29,Objective-C,0.0
2002-06-29,Objective-C,0.0
2002-07-31,Objective-C,0.0
2002-08-29,Objective-C,0.0
2002-12-31,Objective-C,0.0
2003-01-31,Objective-C,0.0
2003-02-28,Objective-C,0.0
2003-03-31,Objective-C,0.0
2003-04-30,Objective-C,0.0
2003-05-30,Objective-C,0.1
2003-06-30,Objective-C,0.1
2003-07-31,Objective-C,0.1
2003-08-31,Objective-C,0.1
2003-09-30,Objective-C,0.1
2003-10-31,Objective-C,0.1
2003-11-30,Objective-C,0.1
2003-12-31,Objective-C,0.1
2004-01-31,Objective-C,0.1
2004-02-29,Objective-C,0.1
2004-03-31,Objective-C,0.1
2004-04-30,Objective-C,0.1
2004-05-30,Objective-C,0.1
2004-06-30,Objective-C,0.1
2004-07-31,Objective-C,0.1
2004-08-30,Objective-C,0.1
2004-09-30,Objective-C,0.1
2004-10-31,Objective-C,0.1
2004-11-30,Objective-C,0.1
2004-12-31,Objective-C,0.1
2005-01-31,Objective-C,0.1
2005-02-28,Objective-C,0.1
2005-03-31,Objective-C,0.1
2005-04-30,Objective-C,0.1
2005-05-31,Objective-C,0.1
2005-06-30,Objective-C,0.1
2005-07-31,Objective-C,0.1
2005-08-31,Objective-C,0.1
2005-09-30,Objective-C,0.1
2005-12-03,Objective-C,0.1
2006-01-04,Objective-C,0.1
2006-02-02,Objective-C,0.1
2006-03-01,Objective-C,0.1
2006-04-02,Objective-C,0.1
2006-05-01,Objective-C,0.1
2006-06-01,Objective-C,0.1
2006-07-02,Objective-C,0.1
2006-08-02,Objective-C,0.1
2006-09-02,Objective-C,0.1
2006-10-01,Objective-C,0.1
2006-11-02,Objective-C,0.1
2006-12-01,Objective-C,0.1
2007-01-02,Objective-C,0.1
2007-02-03,Objective-C,0.1
2007-03-03,Objective-C,0.1
2007-04-01,Objective-C,0.1
2007-05-05,Objective-C,0.1
2007-06-02,Objective-C,0.1
2007-07-02,Objective-C,0.1
2007-08-05,Objective-C,0.1
2007-09-02,Objective-C,0.1
2007-10-04,Objective-C,0.1
2007-11-04,Objective-C,0.1
2007-12-03,Objective-C,0.1
2008-01-03,Objective-C,0.1
2008-02-07,Objective-C,0.1
2008-06-01,Objective-C,0.1
2008-07-02,Objective-C,0.1
2008-08-03,Objective-C,0.1
2008-09-03,Objective-C,0.1
2008-10-06,Objective-C,0.1
2008-11-02,Objective-C,0.1
2008-12-03,Objective-C,0.2
2009-01-02,Objective-C,0.1
2009-02-01,Objective-C,0.2
2009-03-05,Objective-C,0.2
2009-04-07,Objective-C,0.1
2009-05-01,Objective-C,0.1
2009-06-04,Objective-C,0.1
2009-07-02,Objective-C,0.5
2009-08-01,Objective-C,0.6
2009-09-05,Objective-C,0.6
2009-10-02,Objective-C,1.2
2009-11-02,Objective-C,0.9
2009-12-02,Objective-C,1.2
2010-01-05,Objective-C,1.4
2010-02-07,Objective-C,1.8
2010-03-07,Objective-C,2.0
2010-04-05,Objective-C,2.3
2010-05-15,Objective-C,2.4
2010-07-06,Objective-C,2.5
2010-09-11,Objective-C,3.4
2010-10-02,Objective-C,3.7
2010-11-03,Objective-C,3.2
2010-12-07,Objective-C,3.2
2011-01-02,Objective-C,3.0
2011-02-08,Objective-C,2.6
2011-03-08,Objective-C,3.5
2011-04-03,Objective-C,4.4
2011-05-02,Objective-C,5.0
2011-06-05,Objective-C,4.4
2011-07-08,Objective-C,5.2
2011-08-03,Objective-C,5.5
2011-09-10,Objective-C,6.2
2011-10-09,Objective-C,6.2
2011-11-07,Objective-C,6.0
2011-12-04,Objective-C,6.8
2012-01-08,Objective-C,6.9
2012-02-05,Objective-C,7.1
2012-03-11,Objective-C,7.7
2012-04-08,Objective-C,8.2
2012-05-09,Objective-C,8.3
2012-06-10,Objective-C,9.1
2012-07-04,Objective-C,9.3
2012-08-10,Objective-C,9.5
2012-09-02,Objective-C,9.8
2012-10-05,Objective-C,9.5
2012-11-04,Objective-C,10.4
2012-12-02,Objective-C,11.1
2013-01-05,Objective-C,10.3
2013-02-08,Objective-C,9.8
2013-03-11,Objective-C,10.2
2013-04-07,Objective-C,9.6
2013-05-08,Objective-C,10.4
2013-06-09,Objective-C,10.4
2013-07-07,Objective-C,10.2
2013-08-04,Objective-C,8.1
2013-09-11,Objective-C,8.6
2013-10-10,Objective-C,9.0
2013-11-09,Objective-C,9.4
2013-12-06,Objective-C,10.2
2014-01-01,Objective-C,11.1
2014-02-08,Objective-C,11.3
2014-03-03,Objective-C,12.1
2014-04-10,Objective-C,12.9
2014-05-07,Objective-C,11.8
2014-06-08,Objective-C,10.9
2014-07-06,Objective-C,10.3
2014-08-11,Objective-C,9.6
2014-09-01,Objective-C,9.9
2014-10-03,Objective-C,10.1
2014-11-08,Objective-C,9.1
2014-12-07,Objective-C,9.1
2015-01-06,Objective-C,7.0
2015-02-05,Objective-C,6.0
2015-03-07,Objective-C,6.7
2015-04-13,Objective-C,5.9
2015-05-13,Objective-C,5.4
2015-06-06,Objective-C,4.3
2015-07-12,Objective-C,3.3
2015-08-06,Objective-C,3.2
2015-09-05,Objective-C,1.8
2015-10-04,Objective-C,1.4
2015-11-07,Objective-C,1.4
2015-12-04,Objective-C,1.4
2016-01-02,Objective-C,1.1
2016-02-02,Objective-C,1.4
2016-03-03,Objective-C,1.5
2016-04-07,Objective-C,1.7
2016-05-06,Objective-C,1.6
2016-06-05,Objective-C,1.7
2016-07-04,Objective-C,1.9
2016-08-06,Objective-C,1.9
2016-09-08,Objective-C,1.8
2016-10-07,Objective-C,2.3
2016-11-05,Objective-C,2.2
2016-12-04,Objective-C,2.3
2017-01-07,Objective-C,1.6
2017-02-08,Objective-C,1.5
2017-03-07,Objective-C,2.0
2017-04-09,Objective-C,2.2
2017-05-06,Objective-C,2.1
2017-06-03,Objective-C,2.0
2017-07-07,Objective-C,1.9
2017-08-02,Objective-C,1.5
2017-09-06,Objective-C,1.5
2017-10-05,Objective-C,1.5
2017-11-12,Objective-C,1.4
2017-12-09,Objective-C,1.5
2018-01-03,Objective-C,1.9
2018-02-08,Objective-C,1.1
2018-03-07,Objective-C,1.8
2018-04-01,Objective-C,1.2
2018-05-06,Objective-C,0.9
2018-06-10,Objective-C,1.2
2018-07-07,Objective-C,1.5
2018-08-01,Objective-C,1.4
2018-09-03,Objective-C,1.5
2018-10-05,Objective-C,1.2
2018-11-08,Objective-C,1.5
2018-12-02,Objective-C,1.5
2019-01-04,Objective-C,1.8
2019-02-06,Objective-C,1.4
2019-03-02,Objective-C,1.7
2019-04-07,Objective-C,1.5
2019-05-04,Objective-C,1.6
2019-06-09,Objective-C,1.4
2019-07-06,Objective-C,1.7
2019-08-05,Objective-C,1.7
2019-09-09,Objective-C,1.8
2019-10-05,Objective-C,1.5
2010-12-07,Assembly language,0.7
2011-01-02,Assembly language,0.9
2011-02-08,Assembly language,1.3
2011-03-08,Assembly language,1.3
2011-04-03,Assembly language,1.0
2011-05-02,Assembly language,1.0
2011-06-05,Assembly language,0.7
2011-07-08,Assembly language,0.6
2011-08-03,Assembly language,0.6
2011-09-10,Assembly language,0.6
2011-10-09,Assembly language,0.6
2011-11-07,Assembly language,0.5
2011-12-04,Assembly language,0.6
2012-01-08,Assembly language,0.5
2012-02-05,Assembly language,0.5
2012-03-11,Assembly language,0.4
2012-04-08,Assembly language,0.5
2012-05-09,Assembly language,0.5
2012-06-10,Assembly language,0.5
2012-07-04,Assembly language,0.5
2012-08-10,Assembly language,0.5
2012-09-02,Assembly language,0.5
2012-10-05,Assembly language,0.6
2012-11-04,Assembly language,0.6
2012-12-02,Assembly language,0.6
2013-01-05,Assembly language,0.6
2013-02-08,Assembly language,0.6
2013-03-11,Assembly language,0.6
2013-04-07,Assembly language,0.7
2013-05-08,Assembly language,0.6
2013-06-09,Assembly language,0.5
2013-07-07,Assembly language,0.6
2013-08-04,Assembly language,0.6
2013-09-11,Assembly language,0.5
2013-10-10,Assembly language,0.5
2013-11-09,Assembly language,0.5
2013-12-06,Assembly language,0.6
2014-01-01,Assembly language,0.5
2014-02-08,Assembly language,0.4
2014-03-03,Assembly language,0.7
2014-04-10,Assembly language,0.9
2014-05-07,Assembly language,0.8
2014-06-08,Assembly language,0.8
2014-07-06,Assembly language,0.8
2014-08-11,Assembly language,0.7
2014-09-01,Assembly language,0.6
2014-10-03,Assembly language,0.4
2014-11-08,Assembly language,0.6
2014-12-07,Assembly language,0.5
2015-01-06,Assembly language,1.2
2015-02-05,Assembly language,0.8
2015-03-07,Assembly language,0.6
2015-04-13,Assembly language,0.7
2015-05-13,Assembly language,0.8
2015-06-06,Assembly language,0.8
2015-07-12,Assembly language,1.5
2015-08-06,Assembly language,1.8
2015-09-05,Assembly language,1.8
2015-10-04,Assembly language,1.6
2015-11-07,Assembly language,1.9
2015-12-04,Assembly language,1.9
2016-01-02,Assembly language,2.1
2016-02-02,Assembly language,1.8
2016-03-03,Assembly language,1.8
2016-04-07,Assembly language,2.2
2016-05-06,Assembly language,1.9
2016-06-05,Assembly language,2.1
2016-07-04,Assembly language,2.3
2016-08-06,Assembly language,2.4
2016-09-08,Assembly language,2.4
2016-10-07,Assembly language,2.2
2016-11-05,Assembly language,2.4
2016-12-04,Assembly language,2.5
2017-01-07,Assembly language,2.7
2017-02-08,Assembly language,2.1
2017-03-07,Assembly language,2.2
2017-04-09,Assembly language,2.2
2017-05-06,Assembly language,2.9
2017-06-03,Assembly language,2.3
2017-07-07,Assembly language,2.2
2017-08-02,Assembly language,1.8
2017-09-06,Assembly language,1.6
2017-10-05,Assembly language,2.4
2017-11-12,Assembly language,1.7
2017-12-09,Assembly language,1.5
2018-01-03,Assembly language,2.1
2018-02-08,Assembly language,1.8
2018-03-07,Assembly language,1.7
2018-04-01,Assembly language,1.7
2018-05-06,Assembly language,1.0
2018-06-10,Assembly language,0.9
2018-07-07,Assembly language,1.2
2018-08-01,Assembly language,1.4
2018-09-03,Assembly language,1.2
2018-10-05,Assembly language,1.2
2018-11-08,Assembly language,1.1
2018-12-02,Assembly language,1.4
2019-01-04,Assembly language,1.2
2019-02-06,Assembly language,1.4
2019-03-02,Assembly language,1.4
2019-04-07,Assembly language,1.7
2019-05-04,Assembly language,1.8
2019-06-09,Assembly language,1.5
2002-02-27,Ruby,0.2
2002-03-29,Ruby,0.2
2002-04-29,Ruby,0.4
2002-05-29,Ruby,0.4
2002-06-29,Ruby,0.4
2002-07-31,Ruby,0.4
2002-08-29,Ruby,0.4
2002-09-29,Ruby,0.4
2002-10-30,Ruby,0.4
2002-11-29,Ruby,0.3
2002-12-31,Ruby,0.3
2003-01-31,Ruby,0.3
2003-02-28,Ruby,0.3
2003-03-31,Ruby,0.3
2003-04-30,Ruby,0.2
2003-05-30,Ruby,0.2
2003-06-30,Ruby,0.2
2003-07-31,Ruby,0.2
2003-08-31,Ruby,0.2
2003-09-30,Ruby,0.2
2003-10-31,Ruby,0.3
2003-11-30,Ruby,0.2
2003-12-31,Ruby,0.2
2004-01-31,Ruby,0.1
2004-02-29,Ruby,0.2
2004-03-31,Ruby,0.2
2004-04-30,Ruby,0.2
2004-05-30,Ruby,0.2
2004-06-30,Ruby,0.2
2004-07-31,Ruby,0.2
2004-08-30,Ruby,0.1
2004-09-30,Ruby,0.2
2004-10-31,Ruby,0.2
2004-11-30,Ruby,0.2
2004-12-31,Ruby,0.2
2005-01-31,Ruby,0.2
2005-02-28,Ruby,0.3
2005-03-31,Ruby,0.3
2005-04-30,Ruby,0.3
2005-05-31,Ruby,0.4
2005-06-30,Ruby,0.3
2005-07-31,Ruby,0.3
2005-08-31,Ruby,0.3
2005-09-30,Ruby,0.3
2005-12-03,Ruby,0.3
2006-01-04,Ruby,0.4
2006-02-02,Ruby,0.4
2006-03-01,Ruby,0.5
2006-04-02,Ruby,0.5
2006-05-01,Ruby,0.5
2006-06-01,Ruby,0.5
2006-07-02,Ruby,0.5
2006-08-02,Ruby,0.8
2006-09-02,Ruby,0.9
2006-10-01,Ruby,1.1
2006-11-02,Ruby,1.7
2006-12-01,Ruby,2.3
2007-01-02,Ruby,2.5
2007-02-03,Ruby,2.5
2007-03-03,Ruby,2.8
2007-04-01,Ruby,2.8
2007-05-05,Ruby,2.6
2007-06-02,Ruby,2.1
2007-07-02,Ruby,2.1
2007-08-05,Ruby,1.9
2007-09-02,Ruby,2.1
2007-10-04,Ruby,2.4
2007-11-04,Ruby,3.1
2007-12-03,Ruby,3.1
2008-01-03,Ruby,2.3
2008-02-07,Ruby,1.9
2008-06-01,Ruby,2.6
2008-07-02,Ruby,2.7
2008-08-03,Ruby,2.9
2008-09-03,Ruby,2.8
2008-10-06,Ruby,2.9
2008-11-02,Ruby,2.9
2008-12-03,Ruby,4.0
2009-01-02,Ruby,3.1
2009-02-01,Ruby,3.3
2009-03-05,Ruby,2.6
2009-04-07,Ruby,2.6
2009-05-01,Ruby,2.7
2009-06-04,Ruby,2.6
2009-07-02,Ruby,2.6
2009-08-01,Ruby,2.5
2009-09-05,Ruby,2.4
2009-10-02,Ruby,2.4
2009-11-02,Ruby,2.4
2009-12-02,Ruby,2.7
2010-01-05,Ruby,2.5
2010-02-07,Ruby,2.4
2010-03-07,Ruby,2.3
2010-04-05,Ruby,2.2
2010-05-15,Ruby,2.1
2010-07-06,Ruby,2.0
2010-09-11,Ruby,1.9
2010-10-02,Ruby,1.9
2010-11-03,Ruby,1.9
2010-12-07,Ruby,1.8
2011-01-02,Ruby,1.8
2011-02-08,Ruby,1.6
2011-03-08,Ruby,1.5
2011-04-03,Ruby,1.5
2011-05-02,Ruby,1.4
2011-06-05,Ruby,1.5
2011-07-08,Ruby,1.3
2011-08-03,Ruby,1.3
2011-09-10,Ruby,1.4
2011-10-09,Ruby,1.5
2011-11-07,Ruby,1.5
2011-12-04,Ruby,1.5
2012-01-08,Ruby,1.4
2012-02-05,Ruby,1.6
2012-03-11,Ruby,1.4
2012-04-08,Ruby,1.5
2012-05-09,Ruby,1.5
2012-06-10,Ruby,1.7
2012-07-04,Ruby,1.8
2012-08-10,Ruby,1.7
2012-09-02,Ruby,1.7
2012-10-05,Ruby,1.8
2012-11-04,Ruby,1.7
2012-12-02,Ruby,1.7
2013-01-05,Ruby,1.8
2013-02-08,Ruby,1.8
2013-03-11,Ruby,2.2
2013-04-07,Ruby,2.0
2013-05-08,Ruby,1.7
2013-06-09,Ruby,1.5
2013-07-07,Ruby,1.6
2013-08-04,Ruby,2.1
2013-09-11,Ruby,1.4
2013-10-10,Ruby,1.2
2013-11-09,Ruby,1.3
2013-12-06,Ruby,0.9
2014-01-01,Ruby,1.1
2014-02-08,Ruby,0.9
2014-03-03,Ruby,1.0
2014-04-10,Ruby,1.7
2014-05-07,Ruby,1.2
2014-06-08,Ruby,1.4
2014-07-06,Ruby,1.1
2014-08-11,Ruby,1.2
2014-09-01,Ruby,1.3
2014-10-03,Ruby,1.1
2014-11-08,Ruby,1.2
2014-12-07,Ruby,1.0
2015-01-06,Ruby,1.1
2015-02-05,Ruby,0.9
2015-03-07,Ruby,1.0
2015-04-13,Ruby,1.1
2015-05-13,Ruby,1.3
2015-06-06,Ruby,1.4
2015-07-12,Ruby,1.4
2015-08-06,Ruby,1.4
2015-09-05,Ruby,1.8
2015-10-04,Ruby,1.8
2015-11-07,Ruby,2.0
2015-12-04,Ruby,2.1
2016-01-02,Ruby,2.0
2016-02-02,Ruby,2.1
2016-03-03,Ruby,2.2
2016-04-07,Ruby,2.3
2016-05-06,Ruby,2.3
2016-06-05,Ruby,2.3
2016-07-04,Ruby,2.1
2016-08-06,Ruby,2.3
2016-09-08,Ruby,2.0
2016-10-07,Ruby,2.0
2016-11-05,Ruby,2.0
2016-12-04,Ruby,2.1
2017-01-07,Ruby,2.5
2017-02-08,Ruby,2.2
2017-03-07,Ruby,2.3
2017-04-09,Ruby,2.3
2017-05-06,Ruby,2.4
2017-06-03,Ruby,2.2
2017-07-07,Ruby,2.2
2017-08-02,Ruby,2.0
2017-09-06,Ruby,1.9
2017-10-05,Ruby,2.3
2017-11-12,Ruby,1.6
2017-12-09,Ruby,1.4
2018-01-03,Ruby,2.4
2018-02-08,Ruby,2.5
2018-03-07,Ruby,2.7
2018-04-01,Ruby,2.0
2018-05-06,Ruby,1.2
2001-06-30,Delphi/Object Pascal,3.6
2001-07-30,Delphi/Object Pascal,2.9
2001-08-30,Delphi/Object Pascal,1.9
2001-09-28,Delphi/Object Pascal,2.4
2001-10-26,Delphi/Object Pascal,2.8
2001-11-28,Delphi/Object Pascal,2.7
2001-12-31,Delphi/Object Pascal,1.3
2002-01-30,Delphi/Object Pascal,1.2
2002-02-27,Delphi/Object Pascal,1.3
2002-03-29,Delphi/Object Pascal,1.3
2002-04-29,Delphi/Object Pascal,1.5
2002-05-29,Delphi/Object Pascal,1.5
2002-06-29,Delphi/Object Pascal,1.3
2002-07-31,Delphi/Object Pascal,1.4
2002-08-29,Delphi/Object Pascal,1.6
2002-09-29,Delphi/Object Pascal,1.4
2002-10-30,Delphi/Object Pascal,1.5
2002-11-29,Delphi/Object Pascal,1.6
2002-12-31,Delphi/Object Pascal,1.6
2003-01-31,Delphi/Object Pascal,1.4
2003-02-28,Delphi/Object Pascal,1.4
2003-03-31,Delphi/Object Pascal,1.4
2003-04-30,Delphi/Object Pascal,1.1
2003-05-30,Delphi/Object Pascal,1.5
2003-06-30,Delphi/Object Pascal,1.6
2003-07-31,Delphi/Object Pascal,1.9
2003-08-31,Delphi/Object Pascal,1.6
2003-09-30,Delphi/Object Pascal,1.4
2003-10-31,Delphi/Object Pascal,1.5
2003-11-30,Delphi/Object Pascal,0.8
2003-12-31,Delphi/Object Pascal,0.8
2004-01-31,Delphi/Object Pascal,0.7
2004-02-29,Delphi/Object Pascal,0.8
2004-03-31,Delphi/Object Pascal,0.8
2004-04-30,Delphi/Object Pascal,4.1
2004-05-30,Delphi/Object Pascal,3.4
2004-06-30,Delphi/Object Pascal,4.5
2004-07-31,Delphi/Object Pascal,4.8
2004-08-30,Delphi/Object Pascal,5.9
2004-09-30,Delphi/Object Pascal,4.5
2004-10-31,Delphi/Object Pascal,5.3
2004-11-30,Delphi/Object Pascal,3.0
2004-12-31,Delphi/Object Pascal,2.6
2005-01-31,Delphi/Object Pascal,1.9
2005-02-28,Delphi/Object Pascal,2.1
2005-03-31,Delphi/Object Pascal,3.7
2005-04-30,Delphi/Object Pascal,2.3
2005-05-31,Delphi/Object Pascal,2.9
2005-06-30,Delphi/Object Pascal,1.7
2005-07-31,Delphi/Object Pascal,1.8
2005-08-31,Delphi/Object Pascal,1.7
2005-09-30,Delphi/Object Pascal,1.5
2005-12-03,Delphi/Object Pascal,1.4
2006-01-04,Delphi/Object Pascal,1.6
2006-02-02,Delphi/Object Pascal,2.0
2006-03-01,Delphi/Object Pascal,1.8
2006-04-02,Delphi/Object Pascal,1.4
2006-05-01,Delphi/Object Pascal,1.8
2006-06-01,Delphi/Object Pascal,2.4
2006-07-02,Delphi/Object Pascal,2.0
2006-08-02,Delphi/Object Pascal,2.2
2006-09-02,Delphi/Object Pascal,2.1
2006-10-01,Delphi/Object Pascal,2.1
2006-11-02,Delphi/Object Pascal,2.3
2006-12-01,Delphi/Object Pascal,2.6
2007-01-02,Delphi/Object Pascal,2.3
2007-02-03,Delphi/Object Pascal,2.1
2007-03-03,Delphi/Object Pascal,1.8
2007-04-01,Delphi/Object Pascal,2.3
2007-05-05,Delphi/Object Pascal,2.1
2007-06-02,Delphi/Object Pascal,1.6
2007-07-02,Delphi/Object Pascal,1.5
2007-08-05,Delphi/Object Pascal,1.2
2007-09-02,Delphi/Object Pascal,1.2
2007-10-04,Delphi/Object Pascal,1.5
2007-11-04,Delphi/Object Pascal,2.5
2007-12-03,Delphi/Object Pascal,2.7
2008-01-03,Delphi/Object Pascal,3.3
2008-02-07,Delphi/Object Pascal,2.8
2008-06-01,Delphi/Object Pascal,2.0
2008-07-02,Delphi/Object Pascal,2.0
2008-08-03,Delphi/Object Pascal,2.7
2008-09-03,Delphi/Object Pascal,3.1
2008-10-06,Delphi/Object Pascal,3.3
2008-11-02,Delphi/Object Pascal,4.0
2008-12-03,Delphi/Object Pascal,2.4
2009-01-02,Delphi/Object Pascal,3.3
2009-02-01,Delphi/Object Pascal,3.6
2009-03-05,Delphi/Object Pascal,2.7
2009-04-07,Delphi/Object Pascal,2.3
2009-05-01,Delphi/Object Pascal,2.3
2009-06-04,Delphi/Object Pascal,2.2
2009-07-02,Delphi/Object Pascal,2.0
2009-08-01,Delphi/Object Pascal,2.3
2009-09-05,Delphi/Object Pascal,2.0
2009-10-02,Delphi/Object Pascal,2.1
2009-11-02,Delphi/Object Pascal,2.1
2009-12-02,Delphi/Object Pascal,2.3
2010-01-05,Delphi/Object Pascal,2.4
2010-02-07,Delphi/Object Pascal,2.7
2010-03-07,Delphi/Object Pascal,2.7
2010-04-05,Delphi/Object Pascal,2.7
2010-05-15,Delphi/Object Pascal,2.6
2010-07-06,Delphi/Object Pascal,2.3
2010-09-11,Delphi/Object Pascal,1.6
2010-10-02,Delphi/Object Pascal,1.6
2010-11-03,Delphi/Object Pascal,1.6
2010-12-07,Delphi/Object Pascal,2.2
2011-01-02,Delphi/Object Pascal,1.3
2011-02-08,Delphi/Object Pascal,1.1
2011-03-08,Delphi/Object Pascal,1.0
2011-04-03,Delphi/Object Pascal,1.0
2011-05-02,Delphi/Object Pascal,1.1
2011-06-05,Delphi/Object Pascal,1.1
2011-07-08,Delphi/Object Pascal,0.9
2011-08-03,Delphi/Object Pascal,1.1
2011-09-10,Delphi/Object Pascal,1.3
2011-10-09,Delphi/Object Pascal,1.1
2011-11-07,Delphi/Object Pascal,0.9
2011-12-04,Delphi/Object Pascal,1.2
2012-01-08,Delphi/Object Pascal,1.6
2012-02-05,Delphi/Object Pascal,2.0
2012-03-11,Delphi/Object Pascal,1.7
2012-04-08,Delphi/Object Pascal,1.4
2012-05-09,Delphi/Object Pascal,1.0
2012-06-10,Delphi/Object Pascal,1.2
2012-07-04,Delphi/Object Pascal,1.2
2012-08-10,Delphi/Object Pascal,1.0
2012-09-02,Delphi/Object Pascal,1.0
2012-10-05,Delphi/Object Pascal,1.1
2012-11-04,Delphi/Object Pascal,1.0
2012-12-02,Delphi/Object Pascal,1.0
2013-01-05,Delphi/Object Pascal,0.9
2013-02-08,Delphi/Object Pascal,0.9
2013-03-11,Delphi/Object Pascal,0.9
2013-04-07,Delphi/Object Pascal,0.8
2013-05-08,Delphi/Object Pascal,0.7
2013-06-09,Delphi/Object Pascal,0.6
2013-07-07,Delphi/Object Pascal,0.7
2013-08-04,Delphi/Object Pascal,0.9
2013-09-11,Delphi/Object Pascal,0.9
2013-10-10,Delphi/Object Pascal,0.7
2013-11-09,Delphi/Object Pascal,0.6
2013-12-06,Delphi/Object Pascal,0.7
2014-01-01,Delphi/Object Pascal,0.6
2014-02-08,Delphi/Object Pascal,0.5
2014-03-03,Delphi/Object Pascal,0.9
2014-04-10,Delphi/Object Pascal,0.7
2014-05-07,Delphi/Object Pascal,1.0
2014-06-08,Delphi/Object Pascal,0.8
2014-07-06,Delphi/Object Pascal,1.0
2014-08-11,Delphi/Object Pascal,0.9
2014-09-01,Delphi/Object Pascal,1.2
2014-10-03,Delphi/Object Pascal,1.8
2014-11-08,Delphi/Object Pascal,1.0
2014-12-07,Delphi/Object Pascal,1.1
2015-01-06,Delphi/Object Pascal,0.8
2015-02-05,Delphi/Object Pascal,1.6
2015-03-07,Delphi/Object Pascal,1.2
2015-04-13,Delphi/Object Pascal,1.5
2015-05-13,Delphi/Object Pascal,1.3
2015-06-06,Delphi/Object Pascal,1.9
2015-07-12,Delphi/Object Pascal,1.5
2015-08-06,Delphi/Object Pascal,1.4
2015-09-05,Delphi/Object Pascal,1.7
2015-10-04,Delphi/Object Pascal,1.6
2015-11-07,Delphi/Object Pascal,1.7
2015-12-04,Delphi/Object Pascal,1.6
2016-01-02,Delphi/Object Pascal,1.8
2016-02-02,Delphi/Object Pascal,2.2
2016-03-03,Delphi/Object Pascal,2.0
2016-04-07,Delphi/Object Pascal,2.2
2016-05-06,Delphi/Object Pascal,2.0
2016-06-05,Delphi/Object Pascal,1.9
2016-07-04,Delphi/Object Pascal,2.0
2016-08-06,Delphi/Object Pascal,2.3
2016-09-08,Delphi/Object Pascal,2.2
2016-10-07,Delphi/Object Pascal,1.9
2016-11-05,Delphi/Object Pascal,2.0
2016-12-04,Delphi/Object Pascal,2.0
2017-01-07,Delphi/Object Pascal,2.6
2017-02-08,Delphi/Object Pascal,2.5
2017-03-07,Delphi/Object Pascal,2.5
2017-04-09,Delphi/Object Pascal,2.8
2017-05-06,Delphi/Object Pascal,2.0
2017-06-03,Delphi/Object Pascal,2.2
2017-07-07,Delphi/Object Pascal,2.5
2017-08-02,Delphi/Object Pascal,1.8
2017-09-06,Delphi/Object Pascal,1.8
2017-10-05,Delphi/Object Pascal,2.2
2017-11-12,Delphi/Object Pascal,1.7
2017-12-09,Delphi/Object Pascal,1.4
2018-01-03,Delphi/Object Pascal,2.4
2018-02-08,Delphi/Object Pascal,2.6
2001-06-30,Perl,6.6
2001-07-30,Perl,6.8
2001-08-30,Perl,7.1
2001-09-28,Perl,7.3
2001-10-26,Perl,7.4
2001-11-28,Perl,7.2
2001-12-31,Perl,7.5
2002-01-30,Perl,7.2
2002-02-27,Perl,6.7
2002-03-29,Perl,6.6
2002-04-29,Perl,6.5
2002-05-29,Perl,6.7
2002-06-29,Perl,8.0
2002-07-31,Perl,9.3
2002-08-29,Perl,9.3
2002-09-29,Perl,8.3
2002-10-30,Perl,8.0
2002-11-29,Perl,8.7
2002-12-31,Perl,8.4
2003-01-31,Perl,8.7
2003-02-28,Perl,8.7
2003-03-31,Perl,10.6
2003-04-30,Perl,9.0
2003-05-30,Perl,9.4
2003-06-30,Perl,9.2
2003-07-31,Perl,9.0
2003-08-31,Perl,8.1
2003-09-30,Perl,8.3
2003-10-31,Perl,7.7
2003-11-30,Perl,8.9
2003-12-31,Perl,9.6
2004-01-31,Perl,9.5
2004-02-29,Perl,10.4
2004-03-31,Perl,7.8
2004-04-30,Perl,10.7
2004-05-30,Perl,10.4
2004-06-30,Perl,8.9
2004-07-31,Perl,8.4
2004-08-30,Perl,9.0
2004-09-30,Perl,8.8
2004-10-31,Perl,9.7
2004-11-30,Perl,7.4
2004-12-31,Perl,7.5
2005-01-31,Perl,8.9
2005-02-28,Perl,9.2
2005-03-31,Perl,10.2
2005-04-30,Perl,10.6
2005-05-31,Perl,10.4
2005-06-30,Perl,7.8
2005-07-31,Perl,9.9
2005-08-31,Perl,9.3
2005-09-30,Perl,7.4
2005-12-03,Perl,7.4
2006-01-04,Perl,7.0
2006-02-02,Perl,6.7
2006-03-01,Perl,6.4
2006-04-02,Perl,5.8
2006-05-01,Perl,6.0
2006-06-01,Perl,6.0
2006-07-02,Perl,5.6
2006-08-02,Perl,5.3
2006-09-02,Perl,5.4
2006-10-01,Perl,5.5
2006-11-02,Perl,6.2
2006-12-01,Perl,6.4
2007-01-02,Perl,6.2
2007-02-03,Perl,6.1
2007-03-03,Perl,6.4
2007-04-01,Perl,6.0
2007-05-05,Perl,6.2
2007-06-02,Perl,6.2
2007-07-02,Perl,5.3
2007-08-05,Perl,5.3
2007-09-02,Perl,5.4
2007-10-04,Perl,5.4
2007-11-04,Perl,4.7
2007-12-03,Perl,4.4
2008-01-03,Perl,5.2
2008-02-07,Perl,6.2
2008-06-01,Perl,5.5
2008-07-02,Perl,5.1
2008-08-03,Perl,4.7
2008-09-03,Perl,4.8
2008-10-06,Perl,4.4
2008-11-02,Perl,3.9
2008-12-03,Perl,3.4
2009-01-02,Perl,4.3
2009-02-01,Perl,4.1
2009-03-05,Perl,3.4
2009-04-07,Perl,3.5
2009-05-01,Perl,3.5
2009-06-04,Perl,3.9
2009-07-02,Perl,4.2
2009-08-01,Perl,4.0
2009-09-05,Perl,4.5
2009-10-02,Perl,3.8
2009-11-02,Perl,3.5
2009-12-02,Perl,2.7
2010-01-05,Perl,3.6
2010-02-07,Perl,3.6
2010-03-07,Perl,3.8
2010-04-05,Perl,3.6
2010-05-15,Perl,3.3
2010-07-06,Perl,3.1
2010-09-11,Perl,2.4
2010-10-02,Perl,2.3
2010-11-03,Perl,2.5
2010-12-07,Perl,2.3
2011-01-02,Perl,2.9
2011-02-08,Perl,1.9
2011-03-08,Perl,2.0
2011-04-03,Perl,2.0
2011-05-02,Perl,2.2
2011-06-05,Perl,2.3
2011-07-08,Perl,2.3
2011-08-03,Perl,2.3
2011-09-10,Perl,2.5
2011-10-09,Perl,2.4
2011-11-07,Perl,2.1
2011-12-04,Perl,2.5
2012-01-08,Perl,2.8
2012-02-05,Perl,2.9
2012-03-11,Perl,2.7
2012-04-08,Perl,2.4
2012-05-09,Perl,2.8
2012-06-10,Perl,2.2
2012-07-04,Perl,2.1
2012-08-10,Perl,2.3
2012-09-02,Perl,2.3
2012-10-05,Perl,2.1
2012-11-04,Perl,2.2
2012-12-02,Perl,2.2
2013-01-05,Perl,2.3
2013-02-08,Perl,2.3
2013-03-11,Perl,2.0
2013-04-07,Perl,2.3
2013-05-08,Perl,2.3
2013-06-09,Perl,2.3
2013-07-07,Perl,2.1
2013-08-04,Perl,2.0
2013-09-11,Perl,1.7
2013-10-10,Perl,1.6
2013-11-09,Perl,1.5
2013-12-06,Perl,1.1
2014-01-01,Perl,0.9
2014-02-08,Perl,0.9
2014-03-03,Perl,1.1
2014-04-10,Perl,1.0
2014-05-07,Perl,1.5
2014-06-08,Perl,1.5
2014-07-06,Perl,1.6
2014-08-11,Perl,2.2
2014-09-01,Perl,1.4
2014-10-03,Perl,2.1
2014-11-08,Perl,2.1
2014-12-07,Perl,1.8
2015-01-06,Perl,2.3
2015-02-05,Perl,1.4
2015-03-07,Perl,1.3
2015-04-13,Perl,1.3
2015-05-13,Perl,1.8
2015-06-06,Perl,1.8
2015-07-12,Perl,1.8
2015-08-06,Perl,2.1
2015-09-05,Perl,1.9
2015-10-04,Perl,2.2
2015-11-07,Perl,2.0
2015-12-04,Perl,2.2
2016-01-02,Perl,1.8
2016-02-02,Perl,2.3
2016-03-03,Perl,2.3
2016-04-07,Perl,2.5
2016-05-06,Perl,2.3
2016-06-05,Perl,2.4
2016-07-04,Perl,2.4
2016-08-06,Perl,2.5
2016-09-08,Perl,2.3
2016-10-07,Perl,2.5
2016-11-05,Perl,2.4
2016-12-04,Perl,2.3
2017-01-07,Perl,2.8
2017-02-08,Perl,2.2
2017-03-07,Perl,2.3
2017-04-09,Perl,2.4
2017-05-06,Perl,2.6
2017-06-03,Perl,2.3
2017-07-07,Perl,2.3
2017-08-02,Perl,2.0
2017-09-06,Perl,2.0
2017-10-05,Perl,2.0
2017-11-12,Perl,1.6
2017-12-09,Perl,1.4
2018-01-03,Perl,2.4
2001-06-30,MATLAB,0.3
2001-07-30,MATLAB,0.3
2001-08-30,MATLAB,0.3
2001-09-28,MATLAB,0.3
2001-10-26,MATLAB,0.3
2001-11-28,MATLAB,0.3
2001-12-31,MATLAB,0.3
2002-01-30,MATLAB,0.3
2002-02-27,MATLAB,0.3
2002-03-29,MATLAB,0.3
2002-04-29,MATLAB,0.3
2002-05-29,MATLAB,0.3
2002-06-29,MATLAB,0.3
2002-07-31,MATLAB,0.3
2002-08-29,MATLAB,0.3
2002-12-31,MATLAB,0.3
2003-01-31,MATLAB,0.3
2003-02-28,MATLAB,0.3
2003-03-31,MATLAB,0.3
2003-04-30,MATLAB,0.3
2003-05-30,MATLAB,0.3
2003-06-30,MATLAB,0.3
2003-07-31,MATLAB,0.3
2003-08-31,MATLAB,0.3
2003-09-30,MATLAB,0.3
2003-10-31,MATLAB,0.4
2003-11-30,MATLAB,0.2
2003-12-31,MATLAB,0.3
2004-01-31,MATLAB,0.2
2004-02-29,MATLAB,0.2
2004-03-31,MATLAB,0.3
2004-04-30,MATLAB,0.3
2004-05-30,MATLAB,0.3
2004-06-30,MATLAB,0.2
2004-07-31,MATLAB,0.3
2004-08-30,MATLAB,0.3
2004-09-30,MATLAB,0.3
2004-10-31,MATLAB,0.3
2004-11-30,MATLAB,0.4
2004-12-31,MATLAB,0.4
2005-01-31,MATLAB,0.4
2005-02-28,MATLAB,0.4
2005-03-31,MATLAB,0.4
2005-04-30,MATLAB,0.4
2005-05-31,MATLAB,0.8
2005-06-30,MATLAB,0.7
2005-07-31,MATLAB,0.3
2005-08-31,MATLAB,0.3
2005-09-30,MATLAB,0.3
2005-12-03,MATLAB,0.4
2006-01-04,MATLAB,0.3
2006-02-02,MATLAB,0.3
2006-03-01,MATLAB,0.4
2006-04-02,MATLAB,0.3
2006-05-01,MATLAB,0.3
2006-06-01,MATLAB,0.3
2006-07-02,MATLAB,0.3
2006-08-02,MATLAB,0.3
2006-09-02,MATLAB,0.4
2006-10-01,MATLAB,0.3
2006-11-02,MATLAB,0.3
2006-12-01,MATLAB,0.3
2007-01-02,MATLAB,0.3
2007-02-03,MATLAB,0.4
2007-03-03,MATLAB,0.4
2007-04-01,MATLAB,0.4
2007-05-05,MATLAB,0.4
2007-06-02,MATLAB,0.4
2007-07-02,MATLAB,0.4
2007-08-05,MATLAB,0.4
2007-09-02,MATLAB,0.4
2007-10-04,MATLAB,0.4
2007-11-04,MATLAB,0.5
2007-12-03,MATLAB,0.6
2008-01-03,MATLAB,0.2
2008-02-07,MATLAB,0.2
2008-06-01,MATLAB,0.3
2008-07-02,MATLAB,0.3
2008-08-03,MATLAB,0.2
2008-09-03,MATLAB,0.3
2008-10-06,MATLAB,0.4
2008-11-02,MATLAB,0.5
2008-12-03,MATLAB,0.4
2009-01-02,MATLAB,0.4
2009-02-01,MATLAB,0.4
2009-03-05,MATLAB,0.5
2009-04-07,MATLAB,0.5
2009-05-01,MATLAB,0.5
2009-06-04,MATLAB,0.5
2009-07-02,MATLAB,0.5
2009-08-01,MATLAB,0.6
2009-09-05,MATLAB,0.5
2009-10-02,MATLAB,0.6
2009-11-02,MATLAB,0.6
2009-12-02,MATLAB,0.6
2010-01-05,MATLAB,0.5
2010-02-07,MATLAB,0.5
2010-03-07,MATLAB,0.7
2010-04-05,MATLAB,0.6
2010-05-15,MATLAB,0.6
2010-07-06,MATLAB,0.6
2010-09-11,MATLAB,0.6
2010-10-02,MATLAB,0.6
2010-11-03,MATLAB,0.6
2010-12-07,MATLAB,0.6
2011-01-02,MATLAB,0.7
2011-02-08,MATLAB,0.5
2011-03-08,MATLAB,0.5
2011-04-03,MATLAB,0.5
2011-05-02,MATLAB,0.4
2011-06-05,MATLAB,0.5
2011-07-08,MATLAB,0.5
2011-08-03,MATLAB,0.4
2011-09-10,MATLAB,0.5
2011-10-09,MATLAB,0.6
2011-11-07,MATLAB,1.0
2011-12-04,MATLAB,0.5
2012-01-08,MATLAB,0.5
2012-02-05,MATLAB,0.5
2012-03-11,MATLAB,0.5
2012-04-08,MATLAB,0.6
2012-05-09,MATLAB,0.5
2012-06-10,MATLAB,0.6
2012-07-04,MATLAB,0.6
2012-08-10,MATLAB,0.5
2012-09-02,MATLAB,0.6
2012-10-05,MATLAB,0.6
2012-11-04,MATLAB,0.6
2012-12-02,MATLAB,0.6
2013-01-05,MATLAB,0.6
2013-02-08,MATLAB,0.6
2013-03-11,MATLAB,0.6
2013-04-07,MATLAB,0.5
2013-05-08,MATLAB,0.6
2013-06-09,MATLAB,0.6
2013-07-07,MATLAB,0.7
2013-08-04,MATLAB,0.8
2013-09-11,MATLAB,0.6
2013-10-10,MATLAB,0.6
2013-11-09,MATLAB,0.7
2013-12-06,MATLAB,0.7
2014-01-01,MATLAB,0.8
2014-02-08,MATLAB,0.6
2014-03-03,MATLAB,0.7
2014-04-10,MATLAB,0.8
2014-05-07,MATLAB,0.7
2014-06-08,MATLAB,0.8
2014-07-06,MATLAB,0.8
2014-08-11,MATLAB,0.7
2014-09-01,MATLAB,0.8
2014-10-03,MATLAB,0.6
2014-11-08,MATLAB,0.8
2014-12-07,MATLAB,0.9
2015-01-06,MATLAB,1.4
2015-02-05,MATLAB,1.0
2015-03-07,MATLAB,1.0
2015-04-13,MATLAB,1.3
2015-05-13,MATLAB,1.3
2015-06-06,MATLAB,1.4
2015-07-12,MATLAB,1.2
2015-08-06,MATLAB,1.2
2015-09-05,MATLAB,1.2
2015-10-04,MATLAB,1.2
2015-11-07,MATLAB,1.2
2015-12-04,MATLAB,1.2
2016-01-02,MATLAB,1.2
2016-02-02,MATLAB,1.1
2016-03-03,MATLAB,1.2
2016-04-07,MATLAB,1.3
2016-05-06,MATLAB,1.3
2016-06-05,MATLAB,1.4
2016-07-04,MATLAB,1.6
2016-08-06,MATLAB,1.5
2016-09-08,MATLAB,1.8
2016-10-07,MATLAB,1.6
2016-11-05,MATLAB,2.0
2016-12-04,MATLAB,1.8
2017-01-07,MATLAB,1.6
2017-02-08,MATLAB,1.7
2017-03-07,MATLAB,1.9
2017-04-09,MATLAB,2.0
2017-05-06,MATLAB,2.1
2017-06-03,MATLAB,2.0
2017-07-07,MATLAB,2.0
2017-08-02,MATLAB,1.6
2017-09-06,MATLAB,1.6
2017-10-05,MATLAB,1.9
2017-11-12,MATLAB,1.6
2017-12-09,MATLAB,1.6
